iso3,country,hdicode,anesthesiology,total_yearly,1920,1921,1922,1923,1924,1925,1926,1927,1928,1929,1930,1931,1932,1933,1934,1935,1936,1937,1938,1940,1939,1941,1942,1943,1944,1945,1946,1947,1948,1949,1950,1951,1952,1953,1954,1955,1956,1957,1958,1959,1960,1961,1962,1963,1964,1965,1966,1967,1968,1969,1970,1971,1972,1973,1974,1975,1976,1977,1978,1979,1980,1981,1982,1983,1984,1985,1986,1987,1988,1989,1990,1991,1992,1993,1994,1995,1996,1997,1998,1999,2000,2001,2002,2003,2004,2005,2006,2007,2008,2009,2010,2011,2012,2013,2014,2015,2016,2017,2018,2019,2020,2021,2022,2023,2024,2025,hdi_2023
AFG,Afghanistan,Low,49,49,0,0,0,0,0,0,0,0,0,0,0,0,0,0,0,0,0,0,0,0,0,0,0,0,0,0,0,0,0,0,0,0,0,0,0,0,0,0,0,0,0,0,0,0,0,0,0,0,0,0,0,0,0,0,0,0,0,0,0,0,0,0,0,0,0,0,0,0,0,0,0,0,0,0,0,0,0,0,0,0,0,0,0,0,0,1,0,0,0,1,3,0,1,1,0,3,4,2,0,0,4,6,4,7,3,9,0.496
ALB,Albania,Very High,63,63,0,0,0,0,0,0,0,0,0,0,0,0,0,0,0,0,0,0,0,0,0,0,0,0,0,0,0,0,0,0,0,0,0,0,0,0,0,0,0,0,0,0,0,0,0,0,0,0,0,0,0,0,0,0,0,0,0,0,0,0,0,0,0,0,0,0,0,0,0,0,0,0,0,0,0,0,0,1,0,0,0,0,0,0,0,0,1,0,0,2,4,0,3,1,4,1,6,3,4,0,1,1,5,5,11,10,0.81
DZA,Algeria,High,103,103,0,0,0,0,0,0,0,0,0,0,0,0,0,0,0,0,0,0,0,0,0,0,0,0,0,0,0,0,0,0,0,0,0,0,0,0,0,0,0,0,0,0,0,0,0,0,0,0,0,0,0,0,1,1,0,0,0,0,0,0,0,0,1,0,0,0,0,0,0,0,0,0,0,0,0,1,0,0,1,2,0,0,0,0,1,0,0,1,1,1,1,0,2,4,3,4,2,2,7,5,5,7,2,11,19,18,0.763
AND,Andorra,Very High,4,4,0,0,0,0,0,0,0,0,0,0,0,0,0,0,0,0,0,0,0,0,0,0,0,0,0,0,0,0,0,0,0,0,0,0,0,0,0,0,0,0,0,0,0,0,0,0,0,0,0,0,0,0,0,0,0,0,0,0,0,0,0,0,0,0,0,0,0,0,0,0,0,0,0,0,0,0,0,0,0,0,0,0,0,0,0,0,0,0,0,0,0,0,0,0,0,0,1,0,0,0,0,1,0,1,1,0,0.913
AGO,Angola,Medium,11,11,0,0,0,0,0,0,0,0,0,0,0,0,0,0,0,0,0,0,0,0,0,0,0,0,0,0,0,0,0,0,0,0,0,0,0,0,0,0,0,0,0,0,0,0,0,0,0,0,0,0,0,0,1,0,0,0,0,0,0,0,0,0,0,0,0,0,1,0,0,0,0,0,0,0,0,0,0,0,0,0,0,0,0,0,0,0,0,0,0,0,0,0,0,0,0,1,1,0,1,1,1,0,0,0,1,3,0.616
ATG,Antigua and Barbuda,Very High,10,10,0,0,0,0,0,0,0,0,0,0,0,0,0,0,0,0,0,0,0,0,0,0,0,0,0,0,0,0,0,0,0,0,0,0,0,0,0,0,0,0,0,0,0,0,0,0,0,0,0,0,0,0,0,0,1,0,0,0,1,0,0,0,0,0,0,0,0,0,0,0,0,0,0,0,0,0,0,0,0,0,0,0,0,0,0,0,0,1,0,0,0,0,0,1,0,0,0,0,0,0,1,0,1,1,2,1,0.851
ARG,Argentina,Very High,1289,1285,0,0,0,0,0,0,0,1,0,0,0,0,0,0,0,0,0,0,0,0,0,1,0,0,1,0,1,0,0,0,0,0,1,0,0,0,0,0,0,0,0,0,1,0,1,3,0,1,2,1,1,1,2,9,17,4,2,6,6,4,3,2,5,6,2,3,0,3,2,5,5,3,9,10,6,8,8,15,6,15,15,12,21,21,17,16,36,25,14,29,29,30,32,29,41,39,28,30,50,49,67,98,86,74,95,120,0.865
ARM,Armenia,Very High,65,65,0,0,0,0,0,0,0,0,0,0,0,0,0,0,0,0,0,0,0,0,0,0,0,0,0,0,0,0,0,0,0,0,0,0,0,0,0,0,0,0,0,0,0,0,0,0,0,0,0,0,0,0,0,1,0,0,0,0,0,0,0,0,0,0,0,0,0,0,0,0,0,0,0,1,0,1,1,0,1,0,1,0,2,1,1,2,0,0,1,1,1,0,0,1,1,3,0,2,0,3,2,5,9,10,5,9,0.811
AUS,Australia,Very High,13559,13516,0,0,0,0,0,0,0,1,4,2,6,5,2,1,0,0,2,2,4,0,2,0,1,3,1,0,1,2,1,0,0,0,2,1,1,2,4,2,3,2,6,5,7,5,11,8,11,21,21,25,26,20,27,60,70,53,44,66,49,68,70,94,74,63,78,79,67,79,115,79,135,154,131,217,220,154,160,184,181,204,194,228,237,242,299,328,318,308,268,298,330,326,358,416,412,380,395,460,493,467,519,585,640,539,581,697,0.958
AUT,Austria,Very High,4832,4832,0,0,0,0,0,0,1,0,0,0,0,0,0,0,0,0,0,0,0,0,0,0,0,0,1,0,0,0,0,2,0,1,2,5,2,3,2,0,0,1,0,0,0,0,2,3,5,5,0,5,1,1,8,18,36,20,23,20,28,26,24,32,23,27,22,34,16,26,26,38,44,39,35,38,56,45,79,120,133,104,132,97,118,127,107,125,130,118,128,126,128,119,105,126,135,120,101,112,131,120,149,206,234,211,194,251,0.93
AZE,Azerbaijan,High,85,84,0,0,0,0,0,0,0,0,0,0,0,0,0,0,0,0,0,0,0,0,0,0,0,0,0,0,0,0,0,0,0,0,0,0,0,0,0,0,0,0,0,0,0,0,0,0,0,0,0,0,0,0,0,0,2,0,2,0,2,0,0,1,0,0,0,0,0,0,0,2,0,0,0,1,0,0,0,0,0,0,0,0,3,1,7,3,0,4,4,1,4,2,2,2,0,2,1,2,1,7,2,3,3,1,8,11,0.789
BHS,Bahamas,Very High,7,7,0,0,0,0,0,0,0,0,0,0,0,0,0,0,0,0,0,0,0,0,0,0,0,0,0,0,0,0,0,0,0,0,0,0,0,0,0,0,0,0,0,0,0,0,0,0,0,0,0,0,0,0,0,0,0,0,0,0,0,0,0,0,0,0,0,0,0,0,0,1,0,0,0,0,0,0,0,0,0,0,0,0,0,0,0,0,0,0,0,1,0,0,0,0,0,0,0,0,0,1,0,0,2,0,0,2,0.82
BHR,Bahrain,Very High,142,142,0,0,0,0,0,0,0,0,0,0,0,0,0,0,0,0,0,0,0,0,0,0,0,0,0,0,0,0,0,0,0,0,0,0,0,0,0,0,0,0,0,0,0,0,0,0,0,0,0,0,0,0,0,0,0,0,0,0,0,0,0,0,0,0,0,0,0,0,1,2,0,0,0,0,0,0,0,1,0,0,2,0,0,3,1,6,2,4,1,1,5,1,1,2,5,3,7,6,3,10,16,11,10,13,6,19,0.899
BGD,Bangladesh,Medium,261,258,0,0,0,0,0,0,0,0,0,0,0,0,0,0,0,0,0,0,0,0,0,0,0,0,0,0,0,0,0,0,0,0,0,0,0,0,0,0,0,0,0,0,0,0,0,0,0,0,0,0,0,0,0,1,1,0,0,0,0,0,0,1,2,0,0,1,0,0,1,4,1,1,0,1,0,3,1,3,3,2,2,4,2,0,1,3,2,2,9,4,16,7,13,6,11,8,8,7,6,9,11,18,23,20,18,22,0.685
BRB,Barbados,Very High,44,44,0,0,0,0,0,0,0,0,0,0,0,0,0,0,0,0,0,0,0,0,0,0,0,0,0,0,0,0,0,0,0,0,0,0,0,0,0,0,0,0,0,0,0,0,0,0,0,0,0,0,0,0,0,0,0,0,0,0,0,0,0,0,0,0,1,2,2,2,1,2,0,0,3,1,0,1,0,1,0,0,0,0,0,0,0,0,0,0,1,3,1,1,2,2,0,3,2,1,0,0,0,2,6,0,2,2,0.811
BLR,Belarus,Very High,152,150,0,0,0,0,0,0,0,0,0,0,0,0,0,0,0,0,0,0,0,0,0,0,0,0,0,0,0,0,0,0,0,0,0,0,0,0,0,0,0,0,0,0,0,0,0,0,0,0,0,0,0,0,0,0,2,3,0,7,5,2,3,2,1,0,1,0,0,0,0,1,2,0,1,0,1,0,0,1,0,0,0,0,2,2,1,1,0,1,1,0,0,0,0,8,1,2,1,4,2,4,16,14,14,15,13,16,0.824
BEL,Belgium,Very High,6933,6926,0,0,0,0,1,0,0,0,0,0,0,0,0,1,0,1,1,0,0,0,3,0,0,0,0,0,1,1,0,1,5,1,2,0,0,2,0,0,1,1,1,1,0,2,1,3,3,4,2,4,6,4,12,38,60,39,51,19,38,37,35,35,33,32,33,38,40,46,50,50,49,64,70,82,74,96,97,108,95,94,96,109,93,117,134,149,147,161,163,151,161,157,182,180,177,172,198,186,220,234,285,358,339,377,408,404,0.951
BLZ,Belize,High,7,7,0,0,0,0,0,0,0,0,0,0,0,0,0,0,0,0,0,0,0,0,0,0,0,0,0,0,0,0,0,0,0,0,0,0,0,0,0,0,0,0,0,0,0,0,0,0,0,0,0,0,0,0,0,0,0,0,0,0,0,0,0,0,0,0,0,0,0,0,0,0,0,0,0,0,0,0,0,0,0,0,0,0,0,0,0,0,0,0,0,0,0,0,0,0,0,0,0,0,0,1,1,1,0,0,3,1,0.721
BEN,Benin,Low,64,64,0,0,0,0,0,0,0,0,0,0,0,0,0,0,0,0,0,0,0,0,0,0,0,0,0,0,0,0,0,0,0,0,0,0,0,0,0,0,0,0,0,0,0,0,0,0,0,0,0,0,0,0,0,0,0,0,0,0,0,0,0,0,0,0,0,0,0,0,0,0,0,0,1,0,0,0,0,1,0,2,0,0,1,0,0,1,3,2,2,2,2,0,2,4,4,1,1,4,4,5,3,3,2,7,6,1,0.515
BTN,Bhutan,Medium,30,30,0,0,0,0,0,0,0,0,0,0,0,0,0,0,0,0,0,0,0,0,0,0,0,0,0,0,0,0,0,0,0,0,0,0,0,0,0,0,0,0,0,0,0,0,0,0,0,0,0,0,0,0,0,0,0,0,0,0,0,0,0,0,0,0,0,0,0,0,0,0,0,0,0,0,0,0,0,0,0,0,0,0,0,0,0,0,0,0,0,0,0,0,1,0,0,0,0,1,0,4,1,4,5,2,9,3,0.698
BOL,Bolivia,High,47,47,0,0,0,0,0,0,0,0,0,0,0,0,0,0,0,0,0,0,0,0,0,0,0,0,0,0,0,0,0,0,0,0,0,0,0,0,0,0,0,0,0,0,0,0,0,0,0,0,0,0,0,0,0,0,0,0,0,1,0,1,0,0,0,0,0,0,0,0,0,0,0,0,0,0,0,0,0,0,0,0,0,0,0,1,0,1,0,0,0,1,0,1,2,2,0,0,0,2,0,4,8,3,0,5,7,8,0.733
BIH,Bosnia and Herzegovina,Very High,217,217,0,0,0,0,0,0,0,0,0,0,0,0,0,0,0,0,0,0,0,0,0,0,0,0,0,0,0,0,0,0,0,0,0,0,0,0,0,0,0,0,0,0,0,0,0,0,0,0,0,0,0,0,0,0,1,1,0,1,0,0,0,0,0,0,0,0,0,0,0,0,2,0,0,0,0,0,0,0,0,0,0,0,1,0,2,4,3,2,5,5,2,11,12,7,4,9,5,9,3,23,11,14,12,19,19,30,0.804
BWA,Botswana,High,42,42,0,0,0,0,0,0,0,0,0,0,0,0,0,0,0,0,0,0,0,0,0,0,0,0,0,0,0,0,0,0,0,0,0,0,0,0,0,0,0,0,0,0,0,0,0,0,0,0,0,0,0,0,0,0,0,0,0,0,0,1,0,0,0,0,0,0,0,0,0,0,0,0,0,0,0,1,1,2,0,0,0,0,0,0,0,0,0,0,1,1,0,2,0,1,0,4,4,1,1,0,3,5,2,6,3,3,0.731
BRA,Brazil,High,9131,9116,0,0,0,0,0,0,0,0,0,0,0,0,0,0,0,0,0,0,0,0,0,0,0,0,4,1,0,1,0,0,0,0,0,1,0,0,1,0,0,1,1,2,0,0,0,2,1,0,1,1,0,1,7,40,58,44,64,43,22,37,37,51,37,6,8,9,9,4,6,12,16,25,33,30,50,49,75,89,76,92,142,104,147,167,201,240,228,236,256,272,261,309,291,300,305,303,318,343,346,342,406,545,509,413,509,576,0.786
BRN,Brunei,Very High,28,28,0,0,0,0,0,0,0,0,0,0,0,0,0,0,0,0,0,0,0,0,0,0,0,0,0,0,0,0,0,0,0,0,0,0,0,0,0,0,0,0,0,0,0,0,0,0,0,0,0,0,0,0,0,0,0,0,0,0,0,0,0,0,0,2,0,0,0,0,0,0,0,0,0,0,0,0,1,0,1,0,0,0,0,0,0,2,1,0,0,0,0,1,1,1,0,1,1,0,3,0,0,1,1,4,4,3,0.837
BGR,Bulgaria,Very High,686,684,0,0,0,0,0,0,0,0,0,0,0,0,0,0,0,0,0,1,0,0,0,0,0,0,0,0,0,0,0,0,0,0,0,0,0,0,0,0,0,0,0,0,0,0,0,0,0,0,0,0,0,0,1,20,25,18,12,4,12,18,7,5,13,6,6,10,2,7,8,1,2,7,0,3,2,5,7,4,3,6,10,6,5,4,12,6,3,5,11,9,13,10,23,15,18,25,17,26,32,25,36,23,28,19,42,46,0.845
BFA,Burkina Faso,Low,61,59,0,0,0,0,0,0,0,0,0,0,0,0,0,0,0,0,0,0,0,0,0,0,0,0,0,0,0,0,0,0,0,0,0,0,0,0,0,0,0,0,0,0,0,0,0,0,0,0,0,0,0,0,0,0,0,0,0,0,0,0,0,0,0,0,0,0,0,0,0,0,1,0,0,0,0,0,1,0,1,2,1,1,2,0,0,0,0,0,1,1,1,1,0,0,2,1,1,3,2,2,6,5,7,7,5,5,0.459
BDI,Burundi,Low,19,19,0,0,0,0,0,0,0,0,0,0,0,0,0,0,0,0,0,0,0,0,0,0,0,0,0,0,0,0,0,0,0,0,0,0,0,0,0,0,0,0,0,0,0,0,0,0,0,0,0,0,0,0,0,0,0,0,0,0,0,0,0,0,0,0,0,0,0,0,0,0,0,0,0,0,0,0,0,0,0,0,0,0,0,0,0,0,0,0,0,0,0,0,0,0,0,1,2,2,2,3,4,1,1,0,1,2,0.439
CPV,Cabo Verde,Medium,0,0,0,0,0,0,0,0,0,0,0,0,0,0,0,0,0,0,0,0,0,0,0,0,0,0,0,0,0,0,0,0,0,0,0,0,0,0,0,0,0,0,0,0,0,0,0,0,0,0,0,0,0,0,0,0,0,0,0,0,0,0,0,0,0,0,0,0,0,0,0,0,0,0,0,0,0,0,0,0,0,0,0,0,0,0,0,0,0,0,0,0,0,0,0,0,0,0,0,0,0,0,0,0,0,0,0,0,0.668
KHM,Cambodia,Medium,26,26,0,0,0,0,0,0,0,0,0,0,0,0,0,0,0,0,0,0,0,0,0,0,0,0,0,0,0,0,0,0,0,0,0,0,0,0,0,0,0,0,0,0,0,0,0,0,0,0,0,0,0,0,0,0,0,0,0,0,0,0,0,0,0,0,0,0,0,0,0,0,0,0,0,0,0,0,0,0,0,1,0,0,0,0,0,0,0,2,0,0,1,0,0,0,1,1,0,1,1,1,2,5,3,1,2,4,0.606
CMR,Cameroon,Medium,137,137,0,0,0,0,0,0,0,0,0,0,0,0,0,0,0,0,0,0,0,0,0,0,0,0,0,0,0,0,0,0,0,0,0,0,0,0,0,0,0,0,0,0,0,0,0,0,0,0,0,0,0,0,0,0,0,1,0,0,0,0,0,0,0,0,0,0,0,0,0,0,0,0,1,1,1,1,1,1,0,2,2,2,0,0,0,2,1,3,1,1,0,0,0,0,4,3,6,8,6,12,13,14,12,16,13,9,0.588
CAN,Canada,Very High,21791,21726,0,0,5,3,6,4,1,2,2,2,3,6,7,4,6,5,2,5,2,6,2,5,5,8,2,2,4,6,5,15,4,4,2,3,22,26,33,31,33,32,38,35,44,41,45,43,41,50,40,59,61,60,63,109,134,115,129,109,113,122,115,159,129,172,155,151,188,193,251,229,349,253,310,286,294,268,336,306,282,322,282,316,320,312,379,443,427,435,448,489,502,507,520,638,588,593,546,669,721,747,853,901,863,789,923,1001,0.939
CAF,Central African Republic,Low,7,7,0,0,0,0,0,0,0,0,0,0,0,0,0,0,0,0,0,0,0,0,0,0,0,0,0,0,0,0,0,0,0,0,0,0,0,0,0,0,0,0,0,0,0,0,0,0,0,0,0,0,0,0,0,0,0,0,0,0,0,0,0,0,0,0,0,0,0,0,0,0,0,0,0,0,0,0,0,0,0,1,0,1,0,0,0,0,0,0,0,0,0,1,0,0,0,1,0,0,0,0,2,0,1,0,0,0,0.414
TCD,Chad,Low,3,3,0,0,0,0,0,0,0,0,0,0,0,0,0,0,0,0,0,0,0,0,0,0,0,0,0,0,0,0,0,0,0,0,0,0,0,0,0,0,0,0,0,0,0,0,0,0,0,0,0,0,0,0,0,0,0,0,0,0,0,0,0,0,0,0,0,0,0,0,0,0,0,0,0,0,0,0,0,0,0,0,0,0,0,0,0,0,0,0,0,0,0,0,0,0,0,0,0,0,0,1,0,0,0,0,1,1,0.416
CHL,Chile,Very High,1284,1281,0,0,0,0,0,0,0,0,0,0,0,0,0,0,0,0,0,0,0,0,1,0,0,0,0,0,0,0,0,0,1,1,0,0,0,0,1,0,0,0,0,0,0,0,0,0,0,1,0,0,0,0,4,3,3,2,0,3,4,4,10,8,4,3,1,3,1,1,2,2,6,8,10,7,5,5,8,12,9,13,7,5,17,10,15,13,14,29,43,24,29,43,32,50,43,28,25,56,56,54,68,97,99,63,89,126,0.878
CHN,China,High,38991,38842,0,0,0,0,0,0,1,0,0,0,0,0,0,0,0,0,0,1,0,0,0,0,0,0,0,0,0,0,0,0,0,0,0,0,0,0,0,0,0,0,0,0,0,0,0,0,0,0,0,0,0,0,0,1,1,0,0,0,1,4,3,7,4,7,6,11,6,12,5,9,18,30,28,24,23,23,43,50,62,52,61,75,154,193,221,456,485,488,533,578,568,582,683,839,938,1056,1143,1293,1160,1565,2498,3339,4395,4118,4986,6003,0.797
COL,Colombia,High,1385,1384,0,0,0,0,0,0,0,0,0,0,0,0,0,0,0,0,0,0,0,0,0,0,0,0,0,0,0,0,0,0,0,0,0,0,0,0,0,0,0,0,0,0,0,0,0,0,0,0,1,0,0,0,0,1,1,1,1,0,0,0,1,0,0,1,0,0,0,0,0,1,1,0,0,2,1,0,3,3,1,3,3,2,3,6,4,4,9,8,26,32,28,39,52,35,75,56,56,73,79,66,95,103,121,133,120,134,0.788
COM,Comoros,Medium,4,4,0,0,0,0,0,0,0,0,0,0,0,0,0,0,0,0,0,0,0,0,0,0,0,0,0,0,0,0,0,0,0,0,0,0,0,0,0,0,0,0,0,0,0,0,0,0,0,0,0,0,0,0,0,0,0,0,0,0,0,0,0,0,0,0,0,0,0,0,0,0,0,0,0,0,0,0,0,0,0,1,1,0,0,0,0,0,1,1,0,0,0,0,0,0,0,0,0,0,0,0,0,0,0,0,0,0,0.603
COG,Congo,Medium,103,103,0,0,0,0,0,0,0,0,0,0,0,0,0,0,0,0,0,0,0,0,0,0,0,0,0,1,0,0,0,0,0,0,0,0,0,0,0,0,0,0,0,0,0,0,0,0,0,0,1,0,0,0,0,0,0,0,0,0,0,0,1,0,0,0,1,0,0,0,1,0,0,0,0,0,0,0,2,0,1,0,0,1,0,1,0,0,1,1,1,0,1,1,2,2,2,7,4,3,2,3,11,11,9,11,13,8,0.649
CRI,Costa Rica,Very High,84,84,0,0,0,0,0,0,0,0,0,0,0,0,0,0,0,0,0,0,0,0,0,0,0,0,0,0,0,0,0,0,0,0,0,0,0,0,0,0,0,0,0,0,0,0,0,0,0,0,0,0,0,0,0,1,1,0,0,0,0,1,0,0,0,0,0,0,0,1,0,0,0,1,1,0,0,0,1,0,0,1,0,0,0,0,0,0,1,0,2,0,0,0,0,4,4,1,4,2,3,5,9,5,12,4,7,13,0.833
CIV,Ivory Coast,Medium,65,65,0,0,0,0,0,0,0,0,0,0,0,0,0,0,0,0,0,0,0,0,0,0,0,0,0,0,0,0,0,0,0,0,0,0,0,0,0,0,0,0,0,0,0,0,0,0,0,0,0,0,0,0,0,0,1,0,0,0,0,0,0,0,0,0,0,0,0,0,0,4,4,3,3,2,1,0,2,1,0,2,1,1,2,1,0,2,0,0,3,2,0,2,1,1,1,1,1,1,0,2,1,4,3,1,6,5,0.582
HRV,Croatia,Very High,1266,1255,0,0,0,0,0,0,0,0,0,0,0,0,0,0,0,0,0,0,0,0,0,0,0,0,0,0,0,0,0,0,0,1,0,0,0,0,0,0,0,0,0,0,0,0,0,0,1,0,0,0,0,0,0,0,3,1,1,4,2,3,1,1,1,0,0,0,1,2,3,0,2,3,2,5,3,15,13,10,6,9,14,11,15,13,19,25,37,36,28,34,43,64,53,67,34,49,28,40,57,54,65,56,75,92,68,85,0.889
CUB,Cuba,High,317,319,0,0,0,0,0,0,0,0,0,0,0,1,0,1,0,0,0,0,0,0,0,0,0,0,0,0,1,0,0,2,0,0,0,0,0,0,0,0,0,0,0,0,0,0,0,0,0,0,0,0,0,0,1,2,2,2,6,2,0,0,0,0,1,0,1,1,2,2,0,2,2,1,0,3,0,2,8,9,6,10,7,12,10,7,9,5,14,8,16,7,8,9,15,8,8,5,12,6,7,11,14,10,14,11,8,8,0.762
CYP,Cyprus,Very High,171,171,0,0,0,0,0,0,0,0,0,0,0,0,0,0,0,0,0,0,0,0,0,0,0,0,0,0,0,0,0,0,0,0,0,0,0,0,0,0,0,0,0,0,0,0,0,0,0,0,0,0,0,0,0,0,0,0,0,0,0,0,0,0,0,0,0,0,0,0,1,0,1,0,0,0,0,0,1,0,1,0,0,0,1,0,0,0,0,2,0,2,1,9,6,3,8,4,7,7,9,13,10,18,25,12,18,12,0.913
CZE,Czech Republic,Very High,2238,2241,0,0,0,0,0,0,0,0,0,0,0,0,0,0,0,0,0,0,0,0,0,0,0,0,1,0,0,0,0,2,0,0,0,0,0,0,2,0,0,0,0,0,0,1,1,0,1,3,0,3,0,2,0,1,6,5,3,6,2,7,1,4,5,3,2,0,1,2,4,3,7,11,10,11,8,14,21,27,23,52,60,56,67,57,69,50,77,84,54,70,69,67,68,63,71,92,80,81,81,84,96,87,117,79,97,110,0.915
COD,Democratic Republic of the Congo,Low,58,58,0,0,0,0,0,0,0,0,0,0,0,0,0,0,0,0,0,0,0,0,0,0,0,0,0,0,0,0,0,0,0,0,0,0,0,0,0,0,0,0,0,0,0,0,0,0,0,0,0,0,0,0,0,0,0,0,0,0,0,0,0,0,0,0,1,0,0,0,1,0,0,0,0,0,0,0,2,0,0,0,0,0,0,0,0,0,0,1,0,0,0,0,0,1,0,1,0,1,1,1,8,9,7,8,9,7,0.522
DNK,Denmark,Very High,6416,6416,0,0,0,0,0,0,0,0,0,0,0,0,0,0,0,0,0,0,0,0,0,0,0,2,2,2,0,0,1,0,0,1,0,2,3,2,1,3,9,2,1,6,6,2,7,8,13,13,5,7,14,6,19,27,27,43,40,47,100,65,72,91,99,55,89,98,101,95,98,99,107,104,90,102,104,100,71,73,82,83,90,94,98,97,98,116,113,128,97,115,127,134,150,169,192,166,177,170,174,165,184,231,278,207,257,290,0.962
DJI,Djibouti,Low,8,8,0,0,0,0,0,0,0,0,0,0,0,0,0,0,0,0,0,0,0,0,0,0,0,0,0,0,0,0,0,0,0,0,0,0,0,0,0,0,0,0,0,0,0,0,0,0,0,0,0,0,0,0,0,0,0,0,0,0,0,0,0,0,0,0,0,0,0,0,0,0,0,0,0,0,0,0,0,2,0,0,0,0,0,0,0,0,0,0,0,0,1,0,1,1,0,0,0,1,0,1,0,0,1,0,0,0,0.513
DMA,Dominica,High,7,7,0,0,0,0,0,0,0,0,0,0,0,0,0,0,0,0,0,0,0,0,0,0,0,0,0,0,0,0,0,0,0,0,0,0,0,0,0,0,0,0,0,0,0,0,0,0,0,0,0,0,0,0,0,0,0,0,0,0,0,0,0,0,0,0,0,0,0,0,0,0,0,0,0,0,0,0,1,0,0,0,0,0,0,0,0,1,0,1,0,0,0,0,0,0,0,0,0,0,0,1,0,0,1,1,0,1,0.761
DOM,Dominican Republic,High,29,29,0,0,0,0,0,0,0,0,0,0,0,0,0,0,0,0,0,0,0,0,0,0,0,0,0,0,0,0,0,0,0,0,0,0,0,0,0,0,0,0,0,0,0,0,0,0,0,0,0,0,0,0,0,0,0,0,0,0,0,0,0,0,0,0,0,2,0,0,0,0,0,0,2,1,0,1,0,0,0,0,0,0,0,1,0,0,0,1,0,1,0,0,1,2,1,3,1,1,0,3,2,1,1,2,0,2,0.776
ECU,Ecuador,High,120,121,0,0,0,0,0,0,0,0,0,0,0,0,0,0,0,0,0,0,0,0,0,0,0,0,0,0,0,0,0,0,0,0,0,0,0,0,0,0,0,0,0,0,0,0,0,0,0,0,0,0,0,0,0,0,0,0,0,0,0,0,0,0,0,0,0,0,0,0,0,0,0,0,0,0,1,0,0,0,2,1,0,0,0,1,0,0,0,1,0,0,1,2,0,0,3,3,3,5,3,8,10,8,10,14,22,23,0.777
EGY,Egypt,High,4866,4848,0,1,0,0,0,1,2,0,0,0,0,0,0,0,0,2,0,0,0,0,0,0,0,1,0,0,0,0,0,0,0,0,0,0,0,0,1,0,1,0,0,0,1,0,0,1,2,0,0,0,0,0,3,1,10,5,8,5,6,4,1,2,1,4,1,1,11,4,3,2,6,7,7,6,9,14,18,16,19,20,16,18,23,68,72,62,74,71,95,88,88,118,147,168,145,132,160,180,160,157,253,393,493,486,462,512,0.754
SLV,El Salvador,Medium,16,17,0,0,0,0,0,0,0,0,0,0,0,0,0,0,0,0,0,0,0,0,0,0,0,0,0,0,0,0,0,0,0,0,0,0,0,0,0,0,0,0,0,0,0,0,0,0,0,0,0,0,0,0,0,0,0,0,0,1,0,0,0,0,0,0,0,0,0,0,0,0,0,0,0,0,0,0,1,0,0,0,0,0,0,1,0,0,1,1,0,1,0,0,1,1,0,0,1,0,0,0,3,2,0,1,1,1,0.678
GNQ,Equatorial Guinea,Medium,2,2,0,0,0,0,0,0,0,0,0,0,0,0,0,0,0,0,0,0,0,0,0,0,0,0,0,0,0,0,0,0,0,0,0,0,0,0,0,0,0,0,0,0,0,0,0,0,0,0,0,0,0,0,0,0,0,0,0,0,0,0,0,0,0,0,0,0,0,0,0,0,0,0,0,0,0,0,0,0,0,0,0,0,0,0,0,0,0,0,0,0,0,0,0,0,0,1,0,0,0,0,0,1,0,0,0,0,0.674
ERI,Eritrea,Low,9,9,0,0,0,0,0,0,0,0,0,0,0,0,0,0,0,0,0,0,0,0,0,0,0,0,0,0,0,0,0,0,0,0,0,0,0,0,0,0,0,0,0,0,0,0,0,0,0,0,0,0,0,0,0,0,0,0,0,0,0,0,0,0,0,0,0,0,0,0,0,0,0,0,0,0,0,0,0,0,0,0,0,0,0,0,0,0,0,0,0,0,0,0,0,0,0,0,2,1,0,1,2,0,0,1,1,1,0.503
EST,Estonia,Very High,94,94,0,0,0,0,0,0,0,0,0,0,0,0,0,0,0,0,0,0,0,0,0,0,0,0,0,0,0,0,0,0,0,0,0,0,0,0,0,0,0,0,0,0,0,0,0,0,0,0,0,0,0,0,0,0,0,0,0,0,1,0,0,0,0,1,0,0,0,1,0,0,0,1,0,1,0,0,0,3,1,1,0,0,0,3,2,2,4,2,3,0,5,2,5,3,5,1,4,2,2,6,5,5,7,4,4,8,0.905
ETH,Ethiopia,Low,732,730,0,0,0,0,0,0,0,0,0,0,0,0,0,0,0,0,0,0,0,0,0,0,0,0,0,0,0,0,0,0,0,0,0,0,0,0,0,0,0,0,0,0,0,0,0,0,0,0,0,0,0,1,0,0,0,1,0,0,0,1,0,0,0,0,0,0,0,0,0,2,2,1,0,1,1,2,1,0,0,0,2,1,2,0,1,0,2,0,1,1,2,1,3,5,9,6,7,21,23,34,83,93,131,81,102,106,0.497
FJI,Fiji,High,26,26,0,0,0,0,0,0,0,0,0,0,0,0,0,0,0,0,0,0,0,0,0,0,0,0,0,0,0,0,0,0,0,0,0,0,0,0,0,0,0,0,0,0,0,0,0,0,0,0,0,0,1,0,0,0,0,1,0,0,0,0,0,0,0,0,0,0,0,0,0,0,2,0,0,0,0,0,1,0,0,0,0,1,0,1,0,0,1,1,0,0,0,0,1,0,0,0,1,2,1,1,1,2,1,2,2,3,0.731
FIN,Finland,Very High,3939,3936,0,0,0,0,0,0,0,0,0,0,0,0,0,0,0,0,0,0,0,0,0,0,0,0,0,0,0,0,0,1,0,0,0,0,1,0,2,0,1,3,1,3,2,3,7,4,9,6,6,9,6,11,11,32,45,26,39,58,50,44,48,60,60,54,73,48,56,62,72,67,77,69,94,116,75,121,95,94,85,70,91,55,78,65,82,105,109,91,80,82,70,71,73,71,61,65,61,73,70,71,66,93,97,88,92,100,0.948
FRA,France,Very High,23673,23659,0,0,0,1,0,0,0,0,1,1,0,0,1,2,0,1,0,2,0,0,0,0,0,1,0,1,1,0,0,1,1,0,3,0,1,1,1,1,1,3,3,0,0,5,2,5,5,8,5,8,7,7,10,174,235,183,262,257,225,219,230,246,217,207,245,264,248,277,268,375,283,347,301,295,406,372,362,395,463,383,423,410,434,415,505,529,557,564,577,548,562,538,673,636,578,513,533,587,594,655,670,842,834,833,846,974,0.92
GAB,Gabon,High,18,18,0,0,0,0,0,0,0,0,0,0,0,0,0,0,0,0,0,0,0,0,0,0,0,0,0,0,0,0,0,0,0,0,0,0,0,0,0,0,0,0,0,0,0,0,0,0,0,0,0,0,0,0,0,0,0,0,0,0,0,0,0,0,0,0,0,0,0,0,0,0,0,0,1,0,0,0,0,0,1,2,2,0,0,1,1,0,0,0,0,1,0,0,1,0,0,0,0,0,0,0,0,1,1,3,1,2,0.733
GMB,Gambia,Low,21,21,0,0,0,0,0,0,0,0,0,0,0,0,0,0,0,0,0,0,0,0,0,0,0,0,0,0,0,0,0,0,0,0,0,0,0,0,0,0,0,0,0,0,0,0,0,0,0,0,0,0,0,0,0,0,0,0,0,0,0,0,0,1,0,0,0,0,0,0,0,0,0,0,0,0,1,1,0,0,0,0,0,0,0,0,0,0,0,0,0,2,1,1,0,0,0,0,0,0,2,1,0,1,2,1,3,4,0.524
GEO,Georgia,Very High,171,170,0,0,0,0,0,0,0,0,0,0,1,0,0,0,0,0,0,0,0,1,0,0,0,0,0,0,0,0,0,0,0,0,0,0,0,0,0,0,0,1,0,0,0,0,0,0,1,1,0,1,0,0,0,0,2,1,1,1,1,1,0,1,2,0,0,1,1,0,1,1,1,2,1,1,1,0,0,1,1,0,0,1,0,1,1,3,2,3,2,5,2,2,3,3,3,5,8,10,5,9,10,10,10,15,12,17,0.844
DEU,Germany,Very High,32600,32605,0,0,0,1,0,2,1,0,2,3,0,0,2,1,2,2,0,0,1,0,1,0,0,1,0,0,0,1,1,3,12,16,15,14,22,20,15,14,19,8,10,18,12,7,17,21,28,31,56,37,27,26,39,214,311,252,217,275,296,278,305,296,320,264,245,340,272,274,309,321,417,402,389,410,468,444,564,682,601,598,721,742,727,752,811,877,839,910,759,748,778,813,724,764,751,728,740,797,747,778,910,1114,1248,1080,1208,1267,0.959
GHA,Ghana,Medium,226,226,0,0,0,0,0,0,0,0,0,0,0,0,0,0,0,0,0,0,0,0,0,0,0,0,0,0,0,0,0,0,0,0,0,0,0,0,0,0,0,0,0,0,0,0,0,0,0,0,0,1,0,0,2,3,0,1,1,1,2,1,1,0,1,0,0,0,0,0,0,0,1,0,1,3,0,1,1,3,1,1,0,1,0,2,2,3,5,4,1,3,4,2,4,4,3,12,9,7,5,7,22,16,20,22,20,22,0.628
GRC,Greece,Very High,3057,3048,0,0,0,0,0,0,0,0,0,0,0,0,0,0,0,0,0,0,0,0,0,0,0,0,0,0,0,0,0,0,0,0,0,1,0,0,0,0,0,1,0,0,1,0,0,0,1,1,1,2,0,0,1,1,2,2,2,4,8,6,7,4,7,5,4,7,5,4,7,10,7,6,14,9,20,19,27,34,25,42,33,32,42,45,54,86,103,111,114,116,110,121,83,104,90,91,95,93,107,110,118,199,172,163,171,188,0.908
GRD,Grenada,High,81,81,0,0,0,0,0,0,0,0,0,0,0,0,0,0,0,0,0,0,0,0,0,0,0,0,0,0,0,0,0,0,0,0,0,0,0,0,0,0,0,0,0,0,0,0,0,0,0,0,0,0,0,0,0,0,0,0,0,0,0,0,0,0,0,0,0,0,0,0,0,1,0,0,0,0,0,0,0,0,0,0,0,0,0,0,1,2,1,0,1,1,2,3,1,3,3,2,3,4,4,0,9,14,5,7,7,7,0.791
GTM,Guatemala,Medium,38,38,0,0,0,0,0,0,0,0,0,0,0,0,0,0,0,0,0,0,0,0,0,0,0,0,0,0,0,0,0,0,0,0,0,0,0,0,0,0,0,0,1,0,0,0,0,0,0,0,0,0,0,0,0,1,1,0,1,0,0,0,0,0,0,0,0,0,0,0,0,1,0,0,0,0,2,0,0,0,0,1,0,0,0,0,0,0,0,0,1,1,0,0,1,0,0,2,2,0,1,1,2,4,2,4,6,3,0.662
GIN,Guinea,Low,63,63,0,0,0,0,0,0,0,0,0,0,0,0,0,0,0,0,0,0,0,0,0,0,0,0,0,0,0,0,0,0,0,0,0,0,0,0,0,0,0,0,0,0,0,0,0,0,0,0,0,0,0,0,0,0,2,0,0,1,0,0,1,0,0,0,1,1,0,0,0,1,2,2,0,2,3,0,2,1,0,4,0,1,1,1,0,1,1,2,0,1,0,0,0,1,2,2,1,1,1,3,7,3,5,1,3,2,0.5
GNB,Guinea-Bissau,Low,4,4,0,0,0,0,0,0,0,0,0,0,0,0,0,0,0,0,0,0,0,0,0,0,0,0,0,0,0,0,0,0,0,0,0,0,0,0,0,0,0,0,0,0,0,0,0,0,0,0,0,0,0,0,0,0,0,0,0,0,0,0,0,0,0,0,0,0,0,0,0,0,0,0,0,0,0,0,0,0,0,0,0,0,0,0,0,0,0,0,0,0,0,0,0,0,0,0,0,0,0,1,2,0,1,0,0,0,0.514
GUY,Guyana,High,14,14,0,0,0,0,0,0,0,0,0,0,0,0,0,0,0,0,0,0,0,0,0,0,0,0,0,0,0,0,0,0,0,0,0,0,0,0,0,0,0,0,0,0,0,0,0,0,0,0,0,0,0,0,0,0,0,1,0,0,0,0,0,0,0,0,0,0,0,0,0,0,0,0,0,0,0,0,0,0,0,0,0,1,0,0,0,0,0,0,0,0,1,0,0,0,0,2,0,1,2,0,1,1,2,1,1,0,0.776
HTI,Haiti,Medium,26,26,0,0,0,0,0,0,0,0,0,0,0,0,0,0,0,0,0,0,0,0,0,0,0,0,0,0,0,0,0,0,0,0,0,0,0,0,0,0,0,0,0,0,0,0,0,0,0,0,0,0,0,0,0,0,0,0,0,0,0,0,0,0,0,0,0,0,0,0,0,0,0,0,0,0,0,0,0,0,0,0,0,0,0,0,0,0,0,0,0,0,0,1,0,0,0,5,4,1,1,1,3,1,2,3,1,3,0.554
HND,Honduras,Medium,28,28,0,0,0,0,0,0,0,0,0,0,0,0,0,0,0,0,0,0,0,0,0,0,0,0,0,0,0,0,0,0,0,0,0,0,0,0,0,0,0,0,0,0,0,0,0,0,0,0,0,0,0,0,0,0,0,0,0,0,0,0,0,0,0,0,0,0,0,0,0,0,0,0,0,0,0,0,0,1,0,0,0,0,0,0,0,0,0,0,0,0,1,0,0,0,0,0,0,0,2,3,1,1,3,4,9,3,0.645
HKG,Hong Kong S.A.R.,Very High,2220,2220,0,0,0,0,0,0,0,0,0,0,0,0,0,0,0,0,0,0,0,0,0,0,0,0,0,0,0,0,0,0,0,0,0,0,0,0,0,0,0,0,0,0,0,0,0,0,0,0,0,0,1,0,1,4,5,2,3,3,1,1,3,6,6,4,6,1,11,14,13,11,35,24,18,33,30,37,46,37,32,46,43,50,69,53,59,58,69,45,52,43,59,50,49,47,46,67,58,67,83,78,98,111,117,115,82,118,0.955
HUN,Hungary,Very High,1708,1708,0,0,0,0,0,0,0,0,0,0,0,0,1,0,0,0,0,1,0,2,1,1,0,0,0,0,0,2,3,3,1,0,2,2,1,0,1,1,0,0,1,1,1,0,3,2,3,2,3,2,2,4,6,35,32,23,27,30,20,13,37,12,15,17,8,13,13,6,17,19,21,14,19,15,10,16,14,34,28,26,22,31,28,44,38,27,35,34,36,39,43,38,33,36,37,33,33,42,43,54,52,65,59,64,72,84,0.87
ISL,Iceland,Very High,162,162,0,0,0,0,0,0,0,0,0,0,0,0,0,0,0,0,0,0,0,0,0,0,0,0,0,0,0,0,0,0,0,0,0,0,0,0,0,0,0,0,0,0,0,0,0,0,0,0,0,0,1,0,0,1,0,1,0,0,0,0,1,1,0,0,2,1,0,0,0,0,0,0,1,2,2,2,2,2,1,3,1,0,4,4,6,1,0,5,1,4,5,4,6,6,2,3,6,4,5,7,7,5,11,9,13,20,0.972
IND,India,Medium,23467,23420,0,0,0,0,1,0,0,0,0,0,0,0,0,0,1,0,0,0,0,0,0,0,0,0,0,0,0,0,0,0,0,0,1,1,0,2,2,0,1,3,0,2,3,1,4,0,5,10,3,9,7,1,15,47,36,25,33,42,39,44,40,30,26,25,23,22,23,29,23,24,31,46,57,65,60,58,82,116,125,141,89,133,231,245,278,323,338,344,393,465,592,733,785,886,967,1074,1029,1003,989,1105,1331,1585,1565,1806,1876,1871,0.685
IDN,Indonesia,High,1132,1131,0,0,0,0,0,0,0,0,0,0,0,0,0,0,0,0,0,0,0,0,0,0,0,0,0,0,0,1,0,0,0,0,1,0,0,0,0,0,0,0,0,0,0,0,0,0,0,1,0,0,0,1,0,0,1,1,1,1,0,0,1,0,0,0,2,0,0,0,0,0,0,2,0,0,2,1,1,1,0,1,0,1,3,3,2,2,0,4,4,4,5,2,5,5,5,11,12,31,40,83,84,161,133,147,181,184,0.728
IRN,Iran,High,6434,6426,0,0,0,0,0,0,0,0,0,0,0,0,0,0,0,0,0,0,0,0,0,0,0,0,0,0,0,0,0,0,0,0,0,0,0,0,0,0,0,0,0,0,0,0,0,1,0,0,0,0,1,0,0,4,3,4,7,6,6,4,5,1,0,1,0,0,0,1,1,0,0,3,0,1,1,1,2,2,6,2,5,9,19,29,27,40,78,120,139,160,139,250,263,302,309,250,271,289,324,304,370,457,560,544,526,579,0.799
IRQ,Iraq,Medium,819,815,0,0,0,0,0,0,0,0,0,0,0,0,0,0,0,0,0,1,0,0,0,0,0,0,0,0,0,0,0,0,1,1,0,0,1,1,0,1,0,1,0,0,0,0,0,0,0,0,0,0,0,0,0,2,0,1,1,1,1,0,1,1,0,0,0,0,5,0,0,0,0,0,1,4,2,0,0,1,0,0,0,2,1,1,0,2,4,3,3,6,8,8,8,9,8,9,9,16,25,58,96,64,104,90,134,119,0.695
IRL,Ireland,Very High,2988,2988,0,0,0,0,0,0,0,0,0,1,0,0,0,0,1,0,1,0,0,0,1,0,0,0,1,0,0,0,0,1,0,0,1,0,1,0,3,0,2,0,3,0,2,5,2,3,1,3,1,2,5,1,2,6,6,6,6,7,4,2,8,11,12,8,12,13,17,19,23,21,16,20,19,26,30,28,34,31,44,39,43,52,53,56,57,57,58,76,80,77,91,92,75,90,87,79,90,95,111,90,141,179,155,144,180,169,0.949
ISR,Israel,Very High,4481,4466,0,0,0,0,0,0,0,0,0,0,0,0,0,0,0,0,0,0,0,0,0,0,0,1,0,0,0,0,0,0,0,0,2,0,2,0,1,0,3,4,0,1,4,3,6,2,9,4,6,2,5,1,8,13,13,21,26,25,26,20,43,22,44,28,28,41,40,33,35,31,57,42,54,46,79,72,71,81,59,73,88,88,114,100,124,122,129,127,102,76,78,94,126,86,90,86,98,113,115,106,130,180,217,194,239,257,0.919
ITA,Italy,Very High,21121,21068,0,0,0,0,0,0,0,0,0,0,0,0,0,1,0,0,0,0,1,1,1,0,0,0,0,0,1,0,1,0,0,0,2,3,0,1,1,1,1,3,0,5,4,0,6,1,9,5,1,5,3,6,38,151,169,162,161,151,188,183,249,217,231,184,134,150,181,135,143,157,205,183,163,185,190,193,245,312,293,287,289,328,307,317,339,417,360,439,424,404,466,410,496,477,499,481,558,567,619,673,1007,1111,1150,1102,1244,1281,0.915
JAM,Jamaica,High,101,101,0,0,0,0,0,0,0,0,0,0,0,0,0,0,0,0,0,0,0,0,0,0,0,0,0,0,0,0,0,0,0,0,0,1,0,0,1,0,1,0,0,0,0,1,0,1,0,0,0,0,4,0,1,0,1,0,0,1,2,3,4,0,2,0,0,4,0,3,4,1,2,1,1,0,1,0,1,0,2,0,2,3,2,1,4,5,1,3,1,2,1,2,5,0,9,2,1,1,0,4,1,1,3,4,0,0,0.72
JPN,Japan,Very High,37602,37482,0,0,0,1,1,1,2,2,0,2,0,0,0,1,2,3,1,2,0,0,2,1,0,0,1,0,0,0,0,3,0,6,0,8,6,6,5,8,7,16,17,14,11,26,35,28,28,37,33,40,27,73,65,297,259,229,256,293,290,250,289,277,274,272,349,332,302,333,407,423,503,535,584,752,841,773,635,769,817,795,782,773,810,811,802,902,777,774,729,847,857,832,857,826,908,914,974,780,976,851,960,1359,1513,1411,1376,1424,0.925
JOR,Jordan,High,544,544,0,0,0,0,0,0,0,0,0,0,0,0,0,0,0,0,0,0,0,0,0,0,0,0,0,0,0,0,0,0,0,0,0,0,0,0,0,0,0,0,0,0,0,0,0,0,0,0,0,0,0,0,1,0,0,0,0,1,0,1,0,0,0,0,0,0,3,0,0,0,1,5,1,0,1,1,0,2,1,2,7,7,1,8,7,4,9,13,10,16,19,20,9,10,11,4,16,15,20,15,34,36,45,58,64,66,0.754
KAZ,Kazakhstan,Very High,179,179,0,0,0,0,0,0,0,0,0,0,0,0,0,0,0,0,0,0,0,0,0,0,0,0,0,0,0,0,0,0,0,0,0,0,0,0,0,0,0,0,0,0,0,0,0,0,0,0,0,0,0,0,0,0,0,0,0,2,0,0,1,0,0,1,0,0,0,0,0,2,0,0,0,1,0,0,0,0,0,0,0,0,0,0,0,0,0,0,1,0,2,1,1,0,0,2,2,4,7,7,12,19,27,28,28,31,0.837
KEN,Kenya,Medium,293,292,0,0,0,0,0,0,0,0,0,0,0,0,0,0,0,0,0,0,0,0,0,0,0,0,0,0,0,1,0,0,0,0,0,0,1,0,1,0,0,0,0,0,0,2,0,0,0,0,0,0,1,0,1,1,3,1,3,1,3,2,1,0,2,2,1,1,1,1,0,0,1,2,1,6,1,4,1,3,2,2,3,1,4,3,2,0,0,2,2,3,6,8,6,8,10,10,9,14,7,15,18,15,20,20,28,25,0.628
KIR,Kiribati,Medium,23,23,0,0,0,0,0,0,0,0,0,0,0,0,0,0,0,0,0,0,2,1,2,0,0,0,0,0,0,0,0,0,0,0,0,0,0,0,0,0,0,1,1,1,0,0,0,0,0,0,0,0,0,0,1,2,1,0,2,3,0,0,0,0,0,0,0,0,1,1,0,0,1,2,0,0,1,0,0,0,0,0,0,0,0,0,0,0,0,0,0,0,0,0,0,0,0,0,0,0,0,0,0,0,0,0,0,0,0.644
KWT,Kuwait,Very High,249,248,0,0,0,0,0,0,0,0,0,0,0,0,0,0,0,0,0,0,0,0,0,0,0,0,0,0,0,0,0,0,0,0,0,0,0,0,0,0,0,0,0,0,0,0,0,0,0,0,0,0,0,0,0,0,1,0,1,1,0,0,0,1,0,1,0,1,2,1,1,6,2,2,0,3,3,0,2,3,2,0,2,5,8,6,4,6,5,7,4,5,7,8,10,7,3,5,7,9,2,5,10,12,14,14,27,23,0.852
KGZ,Kyrgyzstan,High,31,31,0,0,0,0,0,0,0,0,0,0,0,0,0,0,0,0,0,0,0,0,0,0,0,0,0,0,0,0,0,0,0,0,0,0,0,0,0,0,0,0,0,0,0,0,0,0,0,0,0,0,0,0,0,0,0,0,0,0,0,0,0,0,0,0,0,0,0,0,0,0,0,0,0,0,0,0,0,0,0,0,0,0,0,0,0,0,0,0,0,0,0,0,1,1,0,0,1,0,0,1,3,4,3,2,3,12,0.72
LAO,Laos,Medium,14,14,0,0,0,0,0,0,0,0,0,0,0,0,0,0,0,0,0,0,0,0,0,0,0,0,0,0,0,0,0,0,0,0,0,0,0,0,0,0,0,0,0,0,0,0,0,0,0,0,0,0,0,0,0,0,0,0,0,0,0,0,0,0,0,0,0,0,0,0,0,0,0,0,0,0,0,0,0,0,0,0,0,0,0,0,0,0,0,0,0,0,2,0,0,0,0,0,0,1,1,0,0,1,1,2,2,4,0.617
LVA,Latvia,Very High,140,140,0,0,0,0,0,0,0,0,0,0,0,0,0,0,0,0,0,0,0,0,0,0,0,0,0,0,0,0,0,0,0,0,0,0,0,0,0,0,0,0,0,0,0,0,0,0,0,0,0,0,0,0,0,0,0,0,1,4,2,2,0,0,0,0,0,0,1,0,0,0,0,0,0,1,0,1,0,0,1,1,0,2,4,1,3,2,0,2,7,1,4,2,2,4,6,2,3,7,0,6,11,10,12,12,12,11,0.889
LBN,Lebanon,High,989,989,0,0,0,0,0,0,0,0,0,0,0,0,0,0,0,0,0,0,0,0,0,0,0,0,0,0,0,0,0,0,0,0,1,0,0,0,0,0,0,0,0,0,0,0,0,0,0,0,0,2,2,1,0,1,5,4,4,2,1,1,3,2,2,1,0,4,4,4,4,1,1,4,6,12,11,7,8,10,7,14,14,17,26,21,30,40,26,35,23,28,19,26,18,86,21,23,18,25,28,39,44,45,46,48,64,50,0.752
LSO,Lesotho,Medium,1,1,0,0,0,0,0,0,0,0,0,0,0,0,0,0,0,0,0,0,0,0,0,0,0,0,0,0,0,0,0,0,0,0,0,0,0,0,0,0,0,0,0,0,0,0,0,0,0,0,0,0,0,0,0,0,0,0,0,0,0,0,0,0,0,0,0,0,0,0,0,0,0,0,0,0,0,0,0,0,0,0,0,0,0,0,0,0,0,0,0,0,0,0,0,0,0,0,0,0,0,0,0,0,1,0,0,0,0.55
LBR,Liberia,Low,20,20,0,0,0,0,0,0,0,0,0,0,0,0,0,0,0,0,0,0,0,0,0,0,0,0,0,0,0,0,0,0,0,0,0,0,0,0,0,0,0,0,0,0,0,0,0,0,0,0,0,0,0,0,0,0,0,0,0,0,0,0,0,0,0,0,0,0,0,0,0,0,0,0,0,0,0,0,0,0,0,0,0,0,0,0,0,0,0,0,0,0,0,2,0,1,0,1,0,1,0,0,2,1,0,2,2,8,0.51
LBY,Libya,High,43,39,0,0,0,0,0,0,0,0,0,0,0,0,0,0,0,0,0,0,0,0,0,0,0,0,0,0,0,0,0,0,0,0,0,0,0,0,0,0,0,0,0,0,0,0,0,0,0,0,0,0,0,0,0,0,0,0,0,0,0,0,0,0,0,0,0,0,0,0,0,0,0,0,0,0,0,0,0,1,0,0,0,0,0,0,0,0,0,0,1,0,0,1,0,0,0,0,0,0,2,1,4,5,3,6,9,6,0.721
LIE,Liechtenstein,Very High,7,7,0,0,0,0,0,0,0,0,0,0,0,0,0,0,0,0,0,0,0,0,0,0,0,0,0,0,0,0,0,0,0,0,0,0,0,0,0,0,0,0,0,0,0,0,0,0,0,0,0,0,0,0,0,0,0,0,0,0,0,0,0,0,0,0,0,0,0,0,0,0,0,0,0,0,0,0,0,0,0,0,0,0,0,0,0,0,0,0,0,0,0,0,0,0,0,0,0,0,0,0,0,1,0,1,3,2,0.938
LTU,Lithuania,Very High,282,282,0,0,0,0,0,0,0,0,0,0,0,0,0,0,0,0,0,0,0,0,0,0,0,0,0,0,0,0,0,0,0,0,0,0,0,0,0,0,0,0,0,0,0,0,0,0,0,0,0,0,0,0,0,0,0,0,0,0,0,0,0,0,1,0,0,0,0,0,0,0,0,0,0,0,0,1,0,1,1,1,0,0,17,7,12,5,4,2,3,5,7,3,7,9,9,8,7,12,15,12,24,19,21,23,20,26,0.895
LUX,Luxembourg,Very High,88,88,0,0,0,0,0,0,0,0,0,0,0,0,0,0,0,0,0,0,0,0,0,0,0,0,0,0,0,0,0,0,0,0,0,0,0,0,0,0,0,0,0,0,0,0,0,0,0,0,0,0,0,0,0,0,0,0,0,1,0,1,1,3,0,0,0,0,0,0,0,0,1,0,0,1,0,0,0,1,0,0,0,0,1,0,0,1,0,5,0,4,6,3,0,2,1,4,3,2,5,0,6,4,10,8,7,7,0.922
MDG,Madagascar,Low,38,38,0,0,0,0,0,0,0,0,0,0,0,0,0,0,0,0,0,0,0,0,0,0,0,0,0,0,0,0,0,0,0,0,0,0,0,0,0,0,0,0,0,0,0,0,0,0,0,0,0,0,0,0,1,0,0,0,0,0,0,0,0,0,0,0,0,0,0,0,0,0,0,0,0,0,1,0,0,0,0,0,2,1,0,0,2,1,0,0,0,1,0,0,0,0,2,3,2,4,3,3,3,1,0,5,2,1,0.487
MWI,Malawi,Low,104,104,0,0,0,0,0,0,0,0,0,0,0,0,0,0,0,0,0,0,0,0,0,0,0,0,0,0,0,0,0,0,0,0,0,0,0,0,0,0,0,0,0,0,0,0,0,0,0,0,0,0,0,0,0,0,0,0,0,0,0,0,0,0,0,0,0,0,0,1,0,1,1,1,0,1,1,0,2,0,0,1,2,1,0,2,0,1,1,3,0,1,1,3,4,4,4,6,5,3,4,7,5,8,10,7,8,5,0.517
MYS,Malaysia,Very High,1414,1411,0,0,0,0,0,0,0,0,0,0,0,0,0,0,0,0,0,0,0,0,0,0,0,0,0,0,0,0,0,0,0,0,0,0,0,0,0,1,0,0,1,0,0,0,0,1,0,0,0,2,0,2,3,9,9,5,3,2,3,2,4,1,2,1,3,1,0,1,1,3,9,4,5,8,7,9,9,6,9,14,12,9,7,11,13,11,24,20,19,16,23,23,35,38,39,43,47,52,74,62,99,134,122,102,128,108,0.819
MDV,Maldives,High,8,8,0,0,0,0,0,0,0,0,0,0,0,0,0,0,0,0,0,0,0,0,0,0,0,0,0,0,0,0,0,0,0,0,0,0,0,0,0,0,0,0,0,0,0,0,0,0,0,0,0,0,0,0,0,0,0,0,0,0,0,0,0,0,0,0,0,0,0,0,0,0,0,0,0,0,0,0,1,0,0,0,0,0,0,0,0,0,0,0,0,0,0,0,0,1,0,0,0,0,0,0,0,1,3,1,1,0,0.766
MLI,Mali,Low,37,37,0,0,0,0,0,0,0,0,0,0,0,0,0,0,0,0,0,0,0,0,0,0,0,0,0,0,0,0,0,0,0,0,0,0,0,0,0,0,0,0,0,0,0,0,0,0,0,0,0,0,0,0,0,0,0,0,0,0,0,1,0,0,0,0,0,0,0,0,0,0,0,0,0,0,1,0,0,0,0,2,0,0,2,0,0,0,1,0,0,3,0,1,1,1,1,0,1,0,3,4,2,3,2,1,4,3,0.419
MLT,Malta,Very High,97,97,0,0,0,0,0,0,0,0,0,1,0,0,0,0,0,0,0,0,0,0,0,0,0,0,0,0,0,0,0,0,0,0,0,0,0,0,0,0,0,0,0,0,0,0,0,0,0,0,0,0,0,0,0,0,0,0,0,0,0,0,0,0,2,0,1,0,0,0,0,0,0,0,0,0,0,0,0,0,0,1,0,0,1,0,1,0,0,1,0,1,1,3,1,2,1,5,4,4,7,4,13,10,5,9,8,11,0.924
MHL,Marshall Islands,High,0,0,0,0,0,0,0,0,0,0,0,0,0,0,0,0,0,0,0,0,0,0,0,0,0,0,0,0,0,0,0,0,0,0,0,0,0,0,0,0,0,0,0,0,0,0,0,0,0,0,0,0,0,0,0,0,0,0,0,0,0,0,0,0,0,0,0,0,0,0,0,0,0,0,0,0,0,0,0,0,0,0,0,0,0,0,0,0,0,0,0,0,0,0,0,0,0,0,0,0,0,0,0,0,0,0,0,0,0.733
MRT,Mauritania,Medium,5,5,0,0,0,0,0,0,0,0,0,0,0,0,0,0,0,0,0,0,0,0,0,0,0,0,0,0,0,0,0,0,0,0,0,0,0,0,0,0,0,0,0,0,0,0,0,0,0,0,0,0,0,0,0,0,0,0,0,0,0,0,0,0,0,0,0,0,0,0,0,0,0,0,0,0,0,0,0,0,0,0,0,0,0,0,0,0,0,0,0,0,0,0,1,0,0,0,0,0,1,1,2,0,0,0,0,0,0.563
MUS,Mauritius,Very High,12,12,0,0,0,0,0,0,0,0,0,0,0,0,0,0,0,0,0,0,0,0,0,0,0,0,0,0,0,0,0,0,0,0,0,0,0,0,0,0,0,0,0,0,0,0,0,0,0,0,0,0,0,0,0,0,0,0,1,0,0,0,0,0,0,0,0,0,0,0,0,0,0,0,0,0,0,0,0,0,0,0,0,0,0,1,0,0,0,0,0,0,0,0,0,0,0,0,0,0,1,2,2,0,2,1,2,0,0.806
MEX,Mexico,High,2678,2682,0,0,0,0,0,0,0,0,0,0,0,0,0,1,0,0,0,0,1,0,1,0,0,1,0,0,0,0,0,0,0,0,0,1,1,0,0,0,0,1,0,0,0,1,1,1,1,2,2,0,2,1,3,14,10,10,4,12,8,14,5,4,10,5,23,23,16,18,13,15,21,23,29,24,22,28,19,60,40,58,34,28,34,47,59,76,100,65,70,86,75,53,71,99,77,95,81,54,88,111,106,117,118,117,135,137,0.789
FSM,Micronesia,Medium,0,0,0,0,0,0,0,0,0,0,0,0,0,0,0,0,0,0,0,0,0,0,0,0,0,0,0,0,0,0,0,0,0,0,0,0,0,0,0,0,0,0,0,0,0,0,0,0,0,0,0,0,0,0,0,0,0,0,0,0,0,0,0,0,0,0,0,0,0,0,0,0,0,0,0,0,0,0,0,0,0,0,0,0,0,0,0,0,0,0,0,0,0,0,0,0,0,0,0,0,0,0,0,0,0,0,0,0,0.615
MDA,Moldova,High,41,41,0,0,0,0,0,0,0,0,0,0,0,0,0,0,0,0,0,0,0,0,0,0,0,0,0,0,0,0,0,0,0,0,0,0,0,0,0,0,0,0,0,0,0,0,0,0,0,0,0,0,0,0,0,0,0,0,0,0,0,0,0,0,0,0,0,0,0,0,0,0,0,0,0,1,0,0,0,0,0,0,0,0,0,0,0,0,0,0,0,1,1,0,2,0,3,0,4,2,1,1,1,2,3,3,11,5,0.785
MCO,Monaco,,54,54,0,0,0,0,0,0,0,0,0,0,0,0,0,0,0,0,0,0,0,0,0,0,0,0,0,0,0,0,0,0,0,0,0,0,0,0,0,0,0,0,0,0,0,0,0,0,0,0,0,0,0,0,0,1,0,0,0,0,0,0,0,0,0,0,0,0,0,0,0,0,0,0,0,0,0,0,0,0,0,0,0,0,0,1,1,3,1,0,1,0,2,0,0,4,2,5,2,2,3,7,1,1,5,7,2,3,
MNG,Mongolia,High,35,35,0,0,0,0,0,0,0,0,0,0,0,0,0,0,0,0,0,0,0,0,0,0,0,0,0,0,0,0,0,0,0,0,0,0,0,0,0,0,0,0,0,0,0,0,0,0,0,0,0,0,0,0,0,0,0,0,0,0,0,0,0,0,0,0,0,0,0,0,0,0,0,0,0,0,0,0,0,0,0,0,0,0,0,0,0,1,1,0,0,0,4,1,1,1,0,2,3,2,2,3,0,1,5,2,2,4,0.747
MNE,Montenegro,Very High,32,32,0,0,0,0,0,0,0,0,0,0,0,0,0,0,0,0,0,0,0,0,0,0,0,0,0,0,0,0,0,0,0,0,0,0,0,0,0,0,0,0,0,0,0,0,0,0,0,0,0,0,0,0,0,0,0,0,0,0,0,0,0,0,0,0,0,0,0,0,0,0,0,0,0,0,0,0,0,0,0,0,0,0,0,0,0,0,0,0,2,1,1,0,0,1,2,1,2,1,2,3,1,1,4,5,2,3,0.862
MAR,Morocco,High,679,680,0,0,0,0,0,0,0,0,0,0,0,0,0,0,0,0,0,0,0,0,0,0,0,0,0,0,0,0,0,0,0,0,0,0,0,0,0,0,0,0,0,0,0,0,0,0,0,0,0,0,0,0,0,1,0,0,0,0,0,1,0,1,0,0,3,1,5,1,0,0,0,3,1,3,3,3,8,9,6,7,7,14,1,15,5,3,10,9,17,18,13,12,20,24,26,19,21,29,17,23,41,82,61,49,54,34,0.71
MOZ,Mozambique,Low,18,18,0,0,0,0,0,0,0,0,0,0,0,0,0,0,0,0,0,0,0,0,0,0,0,0,0,0,0,0,0,0,0,0,0,0,0,0,0,0,0,0,0,0,0,0,0,0,0,0,0,0,0,0,0,0,0,0,0,0,0,0,0,0,0,0,0,0,0,0,0,0,0,0,0,0,0,0,1,0,0,0,0,1,0,0,1,1,0,0,0,0,1,0,0,0,0,0,2,0,2,4,1,1,1,0,1,1,0.493
MMR,Myanmar,Medium,16,15,0,0,0,0,0,0,0,0,0,0,0,0,0,0,0,0,0,0,0,0,0,0,0,0,0,0,0,0,0,0,0,0,0,0,0,0,0,0,0,0,0,0,0,0,0,0,0,0,0,0,0,0,0,0,0,0,1,0,0,0,0,0,0,0,0,0,0,0,0,0,0,0,0,0,0,0,0,0,0,0,0,1,0,0,0,0,0,0,0,0,1,0,0,0,0,0,2,1,0,1,2,0,2,0,1,3,0.609
NAM,Namibia,Medium,40,40,0,0,0,0,0,0,0,0,0,0,0,0,0,0,0,0,0,0,0,0,0,0,0,0,0,0,0,0,0,0,0,0,0,0,0,0,0,0,0,0,0,0,0,0,0,0,0,0,0,0,0,0,0,0,0,0,0,0,0,0,0,0,0,0,0,0,0,0,0,0,0,0,0,0,0,0,0,0,0,0,0,0,0,0,0,0,1,0,0,0,1,0,1,1,1,1,1,1,5,3,4,1,10,2,4,3,0.665
NRU,Nauru,High,0,0,0,0,0,0,0,0,0,0,0,0,0,0,0,0,0,0,0,0,0,0,0,0,0,0,0,0,0,0,0,0,0,0,0,0,0,0,0,0,0,0,0,0,0,0,0,0,0,0,0,0,0,0,0,0,0,0,0,0,0,0,0,0,0,0,0,0,0,0,0,0,0,0,0,0,0,0,0,0,0,0,0,0,0,0,0,0,0,0,0,0,0,0,0,0,0,0,0,0,0,0,0,0,0,0,0,0,0.703
NPL,Nepal,Medium,637,630,0,0,0,0,0,0,0,0,0,0,0,0,0,0,0,0,0,0,0,0,0,0,0,0,0,0,0,0,0,0,0,0,0,0,0,0,0,0,0,0,0,0,0,0,0,0,0,0,0,0,1,0,0,0,0,0,0,1,1,0,0,1,0,0,0,0,2,2,0,0,2,1,0,3,3,0,0,2,2,0,3,1,2,8,7,8,13,11,15,16,16,17,17,8,18,16,19,21,26,22,61,58,59,47,68,52,0.622
NLD,Netherlands,Very High,9283,9262,0,0,0,0,0,0,0,2,0,0,0,0,0,0,0,0,0,0,0,0,0,2,0,0,0,1,0,0,2,1,1,0,1,0,0,0,1,1,0,1,1,0,2,1,2,4,0,4,7,3,5,9,9,25,33,27,38,28,37,44,57,64,74,52,55,66,65,74,94,84,99,97,97,92,104,102,133,122,136,125,111,123,131,149,158,184,211,210,233,240,273,250,250,279,252,274,259,285,319,323,330,438,469,436,456,535,0.955
NZL,New Zealand,Very High,3107,3099,0,0,0,0,0,0,0,1,0,0,0,0,1,0,0,0,0,0,0,0,0,1,2,1,0,0,0,0,0,0,1,0,0,0,0,1,2,1,0,0,0,2,0,2,1,2,1,5,2,5,8,3,7,14,8,13,17,11,16,11,16,10,12,16,12,19,11,23,28,26,24,18,32,26,24,33,37,40,34,64,39,43,56,55,63,87,56,67,93,97,95,100,85,87,100,98,89,87,110,149,134,145,126,136,130,128,0.938
NIC,Nicaragua,High,17,17,0,0,0,0,0,0,0,0,0,0,0,0,0,0,0,0,0,0,0,0,0,0,0,0,0,0,0,0,0,0,0,0,0,0,0,0,0,0,0,0,0,0,0,0,0,0,0,0,0,1,0,0,0,0,0,0,0,0,0,0,0,0,0,0,0,0,0,0,0,0,0,0,0,0,0,0,0,0,0,0,0,0,0,1,0,0,0,0,0,0,0,0,0,1,1,0,0,0,0,0,1,4,2,1,4,1,0.706
NER,Niger,Low,32,32,0,0,0,0,0,0,0,0,0,0,0,0,0,0,0,0,0,0,0,0,0,0,0,0,0,0,0,0,0,0,0,0,0,0,0,0,0,0,0,0,0,0,0,0,0,0,0,0,0,0,0,0,0,0,0,0,0,0,0,0,0,0,0,1,1,0,1,0,0,0,0,0,0,0,0,0,0,0,0,1,0,1,0,0,0,0,1,0,0,0,0,0,1,0,1,1,1,1,2,2,2,1,5,2,6,1,0.419
NGA,Nigeria,Medium,1453,1442,0,0,0,0,0,0,0,0,0,0,0,0,0,0,0,0,0,0,0,0,0,0,0,0,0,0,0,0,0,0,1,0,2,0,0,0,0,0,0,0,0,1,1,0,5,3,1,0,2,1,2,4,6,8,8,6,11,5,2,7,5,13,9,13,4,5,6,12,6,2,1,5,4,10,8,6,4,5,8,13,12,18,17,22,14,36,44,36,37,51,53,63,51,46,46,46,44,35,45,45,60,73,93,75,89,76,0.56
PRK,North Korea,,3,3,0,0,0,0,0,0,0,0,0,0,0,0,0,0,0,0,0,0,0,0,0,0,0,0,0,0,0,0,0,0,0,0,0,0,0,0,0,0,0,0,0,0,0,0,0,0,0,0,0,0,0,0,0,0,0,0,0,0,0,0,0,0,0,0,0,0,0,0,0,0,0,0,0,0,0,0,0,0,0,0,0,0,0,0,0,0,0,0,0,0,0,0,0,0,0,0,0,0,0,0,0,0,1,1,1,0,
MKD,North Macedonia,Very High,123,123,0,0,0,0,0,0,0,0,0,0,0,0,0,0,0,0,0,0,0,0,0,0,0,0,0,0,0,0,0,0,0,0,0,0,0,0,0,0,0,0,0,0,0,0,0,2,0,0,0,0,0,0,0,0,0,0,0,0,1,0,0,0,0,0,0,0,0,0,0,0,0,1,0,0,0,0,1,2,0,0,0,0,0,0,0,4,1,3,6,4,1,4,4,5,4,4,4,4,7,9,13,5,9,7,8,10,0.815
NOR,Norway,Very High,2956,2952,0,0,0,0,0,0,1,0,0,0,0,0,0,0,0,0,0,0,1,0,0,0,0,0,0,1,0,0,1,0,1,0,0,0,0,0,2,3,0,1,1,3,2,0,7,2,4,2,6,3,3,8,9,19,25,23,20,28,24,23,28,29,26,14,22,34,21,33,27,32,36,39,35,40,43,48,58,43,34,46,61,47,57,54,52,65,80,53,58,58,82,61,74,71,81,72,82,82,73,92,90,110,110,128,121,127,0.97
OMN,Oman,Very High,314,314,0,0,0,0,0,0,0,0,0,0,0,0,0,0,0,0,0,0,0,0,0,0,0,0,0,0,0,0,0,0,0,0,0,0,0,0,0,0,0,0,0,0,0,0,0,0,0,0,0,0,0,0,0,0,0,0,0,0,0,0,0,0,0,0,0,0,0,0,0,0,1,0,1,0,1,0,0,2,4,1,3,3,6,4,3,10,4,10,3,15,20,14,20,11,12,2,11,7,8,7,7,24,27,31,11,31,0.858
PAK,Pakistan,Low,2914,2907,0,0,0,0,0,0,0,0,0,0,1,0,0,0,0,0,0,0,1,1,0,0,0,1,1,1,0,1,0,0,0,0,0,0,0,0,0,0,0,0,0,0,0,0,0,0,0,0,0,1,0,0,0,2,0,0,0,0,0,0,2,0,1,0,0,0,0,2,4,3,2,4,2,4,2,4,5,5,6,8,18,17,23,29,28,44,49,57,54,74,72,102,104,101,118,83,105,110,132,122,192,224,208,210,255,312,0.544
PLW,Palau,High,2,2,0,0,0,0,0,0,0,0,0,0,0,0,0,0,0,0,0,0,0,0,0,0,0,0,0,0,0,0,0,0,0,0,0,0,0,0,0,0,0,0,0,0,0,0,0,0,0,0,0,0,0,0,0,0,0,0,0,0,0,0,0,0,0,0,0,0,0,0,0,0,0,0,0,0,0,0,0,0,0,0,0,0,0,1,0,0,0,0,0,0,0,0,0,0,0,0,0,0,0,0,0,0,0,1,0,0,0.786
PSE,Palestine,Medium,109,109,0,0,0,0,0,0,0,0,0,0,0,0,0,0,0,0,0,0,0,0,0,0,0,0,0,0,0,0,0,0,0,0,0,0,0,0,0,0,0,0,0,0,0,0,0,0,0,0,0,0,0,0,0,0,0,0,0,0,0,0,0,0,0,0,0,0,0,0,0,0,0,0,0,0,0,0,0,0,0,0,0,0,0,0,0,0,0,1,0,0,0,1,0,1,1,1,4,1,1,3,4,6,11,18,17,39,0.674
PAN,Panama,Very High,49,48,0,0,0,0,0,0,0,0,0,0,0,1,0,0,0,0,0,0,0,0,0,0,0,0,0,0,0,0,0,0,0,0,0,0,0,0,0,0,0,0,0,0,0,0,0,0,0,0,0,0,0,0,0,0,0,0,0,0,0,0,0,0,0,1,0,0,0,0,0,0,0,0,0,0,1,0,1,0,0,1,0,1,0,0,0,1,0,0,1,2,0,2,2,0,1,1,0,1,0,3,3,2,11,5,4,3,0.839
PNG,Papua New Guinea,Medium,46,46,0,0,0,0,0,0,0,0,0,0,0,0,0,0,0,0,0,0,0,0,0,0,0,0,0,0,0,0,0,0,0,0,0,0,0,0,0,0,0,0,0,0,0,0,0,0,0,0,0,0,0,0,0,0,2,0,0,1,0,0,1,0,0,0,1,1,0,0,0,1,2,2,0,2,3,0,2,1,0,3,0,1,1,1,0,1,1,2,0,1,0,0,0,0,1,1,1,1,1,0,3,2,2,1,1,2,0.576
PRY,Paraguay,High,19,19,0,0,0,0,0,0,0,0,0,0,0,0,0,0,0,0,0,0,0,0,0,0,0,0,0,0,0,0,0,0,0,0,0,0,0,0,0,0,0,0,0,0,0,0,0,0,0,0,0,0,0,0,0,0,0,0,0,0,0,0,1,0,0,1,0,0,0,0,0,0,0,0,0,0,0,0,0,0,0,0,0,0,0,0,1,0,0,1,0,0,0,1,0,0,1,0,0,1,0,1,2,1,2,1,3,2,0.756
PER,Peru,High,251,251,0,0,0,0,0,0,0,0,0,0,0,0,0,0,0,0,0,0,0,0,0,0,0,0,0,0,0,0,0,0,0,0,0,0,1,1,0,0,0,0,0,0,0,0,0,0,0,0,0,0,0,0,0,0,0,1,0,0,0,0,1,0,0,0,0,0,0,0,0,0,0,0,0,0,1,0,2,0,0,0,0,0,1,1,0,1,2,2,1,2,2,2,3,2,8,4,6,7,9,9,18,26,31,24,40,43,0.794
PHL,Philippines,High,222,220,0,0,0,0,0,0,0,0,0,0,0,0,0,0,0,0,0,0,0,0,0,0,0,0,0,0,1,0,0,0,0,0,0,0,0,0,0,0,0,0,0,0,0,0,0,0,0,0,0,0,0,0,0,0,1,1,0,0,0,0,0,0,2,0,1,0,0,0,0,0,0,3,1,0,1,1,0,1,2,2,1,0,1,2,0,1,4,3,0,4,1,3,2,3,3,3,6,4,4,6,15,19,35,20,33,30,0.72
POL,Poland,Very High,4443,4444,0,0,0,0,0,0,0,0,0,0,0,0,0,0,0,0,0,0,0,0,0,0,0,0,0,0,0,0,0,0,0,0,0,1,0,0,0,0,0,0,0,0,0,0,1,0,2,0,2,0,0,1,4,53,114,57,60,23,21,35,19,20,10,8,10,15,13,9,7,9,6,5,15,9,14,28,26,37,43,39,54,51,65,93,128,137,137,118,99,119,97,115,124,131,136,123,135,139,140,124,177,232,227,240,267,320,0.906
PRT,Portugal,Very High,1910,1906,0,0,0,0,0,0,0,0,0,0,0,0,0,0,0,0,0,0,0,0,0,0,0,0,0,0,1,0,0,0,0,0,1,0,0,0,0,0,0,0,0,0,0,0,0,0,0,0,0,0,0,0,0,2,4,2,0,1,0,0,1,1,1,1,0,0,2,2,0,3,4,3,5,2,1,3,2,11,10,4,9,7,9,11,12,23,28,41,33,40,40,43,62,79,76,61,68,91,94,90,113,150,160,138,167,194,0.89
PRI,Puerto Rico,Very High,102,102,0,0,0,0,0,0,0,0,0,0,0,0,0,0,0,0,0,0,0,0,0,0,0,0,0,1,0,0,0,0,0,0,0,0,0,0,0,0,0,0,0,0,0,0,0,0,0,1,0,0,1,0,0,0,0,0,0,0,2,1,0,0,0,2,0,0,0,0,0,0,1,1,0,1,0,3,1,1,1,0,1,0,1,0,1,0,1,1,3,2,3,2,3,2,1,1,1,5,6,3,5,6,12,11,6,8,0.868
QAT,Qatar,Very High,434,429,0,0,0,0,0,0,0,0,0,0,0,0,0,0,0,0,0,0,0,0,0,0,0,0,0,0,0,0,0,0,0,0,0,0,0,0,0,0,0,0,0,0,0,0,0,0,0,1,0,1,0,0,0,0,0,0,0,0,0,0,0,0,0,0,0,0,0,0,0,0,0,2,0,0,0,1,0,0,0,0,3,0,0,2,1,1,1,1,4,4,5,8,5,11,17,7,17,14,16,28,33,42,40,39,62,63,0.886
ROU,Romania,Very High,1386,1384,0,0,0,0,0,0,0,0,0,0,0,0,0,0,0,0,0,0,0,0,0,0,1,0,0,0,0,0,0,0,0,0,0,0,0,0,0,0,0,2,0,0,1,0,1,0,4,0,1,1,3,1,3,27,15,18,11,16,15,8,15,10,18,9,5,8,7,3,7,0,6,3,5,3,5,4,11,3,4,2,7,5,5,7,10,9,13,10,21,34,33,35,32,35,38,34,42,51,50,61,65,71,79,75,148,158,0.845
RUS,Russia,Very High,213,2676,0,0,0,0,0,0,1,0,0,0,0,0,0,0,0,0,0,0,0,0,0,0,0,0,0,0,1,0,0,0,0,0,0,0,0,0,0,8,10,4,7,6,5,10,10,7,3,2,3,4,3,2,3,13,34,30,33,70,29,21,41,40,28,23,22,31,28,24,25,23,47,51,27,43,30,19,22,23,16,17,18,16,31,18,8,41,8,13,8,18,17,33,37,36,53,69,96,127,170,271,309,380,0,0,0,0,0.832
RWA,Rwanda,Medium,174,172,0,0,0,0,0,0,0,0,0,0,0,0,0,0,0,0,0,0,0,0,0,0,0,0,0,0,0,0,0,0,0,0,0,0,0,0,0,0,0,0,0,0,0,0,0,0,0,0,0,0,0,0,0,0,0,0,0,0,0,0,0,0,0,0,0,0,0,0,0,0,0,1,0,0,0,0,0,0,0,0,1,0,0,0,0,0,0,0,2,1,2,1,3,2,6,4,7,6,10,14,10,14,14,15,25,34,0.578
KNA,Saint Kitts and Nevis,Very High,45,44,0,0,0,0,0,0,0,0,0,0,0,0,0,0,0,0,0,0,0,0,0,0,0,0,0,0,0,0,0,0,0,0,0,0,0,0,0,0,0,0,0,0,0,0,0,0,0,0,0,0,0,0,0,0,0,0,0,0,0,0,0,0,0,0,0,0,0,0,0,0,0,0,0,0,0,0,0,0,0,0,0,0,1,0,0,0,0,0,0,1,0,0,0,4,1,2,3,2,3,6,2,5,5,2,3,4,0.84
LCA,Saint Lucia,High,0,0,0,0,0,0,0,0,0,0,0,0,0,0,0,0,0,0,0,0,0,0,0,0,0,0,0,0,0,0,0,0,0,0,0,0,0,0,0,0,0,0,0,0,0,0,0,0,0,0,0,0,0,0,0,0,0,0,0,0,0,0,0,0,0,0,0,0,0,0,0,0,0,0,0,0,0,0,0,0,0,0,0,0,0,0,0,0,0,0,0,0,0,0,0,0,0,0,0,0,0,0,0,0,0,0,0,0,0.748
VCT,Saint Vincent and the Grenadines,High,7,7,0,0,0,0,0,0,0,0,0,0,1,0,0,0,0,0,0,0,0,0,0,0,0,0,0,0,0,0,0,0,0,0,0,0,0,0,0,0,0,0,0,1,0,0,0,0,0,0,0,0,0,0,0,0,0,0,0,0,0,0,0,0,0,0,0,0,0,0,0,0,0,0,0,0,0,0,0,0,0,0,0,0,0,0,1,0,0,0,0,0,0,0,0,0,0,0,0,0,0,0,0,0,1,0,1,2,0.798
WSM,Samoa,High,3,3,0,0,0,0,0,0,0,0,0,0,0,0,0,0,0,0,0,0,0,0,0,0,0,0,0,0,0,0,0,0,0,0,0,0,0,0,0,0,0,0,0,0,0,0,0,0,0,0,0,0,0,0,0,0,0,0,0,0,0,0,0,0,0,0,0,0,0,1,0,0,0,0,0,1,0,0,0,0,0,0,0,0,0,0,0,0,0,0,0,0,0,0,0,0,0,0,0,0,0,0,0,1,0,0,0,0,0.708
SMR,San Marino,Very High,10,10,0,0,0,0,0,0,0,0,0,0,0,0,0,0,0,0,0,0,0,0,0,0,0,0,0,0,0,0,0,0,0,0,0,0,0,0,0,0,0,0,0,0,0,0,0,0,0,0,0,0,0,0,0,0,0,0,0,0,0,0,0,0,0,0,0,0,0,0,0,0,0,0,0,0,0,0,0,0,0,0,0,0,0,0,0,0,0,0,0,0,0,0,0,0,0,0,0,0,3,0,0,2,2,0,1,2,0.915
STP,Sao Tome and Principe,Medium,1,1,0,0,0,0,0,0,0,0,0,0,0,0,0,0,0,0,0,0,0,0,0,0,0,0,0,0,0,0,0,0,0,0,0,0,0,0,0,0,0,0,0,0,0,0,0,0,0,0,0,0,0,0,0,0,0,0,0,0,0,0,0,0,0,0,0,0,0,0,0,0,0,0,0,0,0,0,0,0,0,0,0,0,0,0,0,0,0,0,0,0,0,0,0,0,0,0,0,0,0,0,0,0,0,0,1,0,0.637
SAU,Saudi Arabia,Very High,2888,2882,0,0,0,0,0,0,0,0,0,0,0,0,0,0,0,0,0,0,0,0,0,0,0,0,0,0,0,0,0,0,0,0,0,0,0,0,0,0,0,0,0,0,0,0,0,0,0,0,0,0,0,0,0,0,1,0,0,0,1,0,2,1,2,2,2,7,19,12,9,6,8,10,9,12,21,32,24,22,27,24,22,23,22,21,55,58,41,40,60,55,40,74,72,72,90,70,103,102,106,104,171,204,230,239,268,287,0.9
SEN,Senegal,Low,104,104,0,0,0,0,0,0,0,0,0,0,0,0,0,0,0,0,0,0,0,0,0,0,0,0,0,0,0,0,0,0,0,0,0,0,0,0,0,0,0,0,0,0,0,0,0,0,0,0,0,0,0,0,0,0,1,0,0,1,0,0,1,0,0,0,0,0,0,0,0,0,1,3,0,0,3,0,1,1,5,3,1,4,2,6,1,3,1,2,1,2,2,1,2,1,2,1,4,7,4,4,5,7,4,2,8,7,0.53
SRB,Serbia,Very High,993,988,0,0,0,0,0,0,0,0,0,0,0,0,0,0,0,0,0,0,0,0,0,0,0,0,0,0,0,0,0,0,0,0,0,0,0,0,0,0,0,0,0,0,0,0,0,0,0,0,0,0,0,0,0,0,0,0,0,0,0,0,0,0,0,0,0,0,0,0,0,0,2,0,1,5,0,2,0,5,8,7,7,2,15,11,5,7,9,21,35,27,38,33,49,43,32,45,39,40,51,54,53,67,65,84,58,68,0.833
SYC,Seychelles,Very High,1,1,0,0,0,0,0,0,0,0,0,0,0,0,0,0,0,0,0,0,0,0,0,0,0,0,0,0,0,0,0,0,0,0,0,0,0,0,0,0,0,0,0,0,0,0,0,0,0,0,0,0,0,0,0,0,0,0,0,0,0,0,0,0,0,0,0,0,0,0,0,0,0,0,0,0,0,0,0,0,0,0,0,0,0,0,0,0,0,0,0,0,0,0,0,0,0,0,0,0,0,1,0,0,0,0,0,0,0.848
SLE,Sierra Leone,Low,39,39,0,0,0,0,0,0,0,0,0,0,0,0,0,0,0,0,0,0,0,0,0,0,0,0,0,0,0,0,0,0,0,0,0,0,0,0,0,0,0,0,0,0,0,0,0,0,0,0,0,0,0,0,0,0,0,0,0,0,0,0,0,0,0,0,0,0,0,0,0,0,0,0,0,0,0,0,0,0,0,0,0,0,0,0,0,0,0,0,0,0,1,0,1,0,3,5,2,0,4,5,1,4,4,1,5,3,0.467
SGP,Singapore,Very High,2305,2296,0,0,0,0,0,0,0,0,0,0,1,0,0,0,0,0,0,0,0,0,0,0,0,0,0,0,0,0,0,0,0,0,0,0,0,0,0,0,0,0,0,0,0,0,0,1,0,0,1,0,0,1,1,2,2,2,7,4,5,4,0,2,1,1,4,2,1,2,4,4,11,18,19,15,21,12,10,21,37,30,47,30,46,43,45,47,50,52,37,44,49,40,48,69,81,76,81,90,93,103,147,143,162,114,158,155,0.946
SVK,Slovakia,Very High,663,654,0,0,0,0,0,0,0,0,0,0,0,0,0,0,0,0,0,0,0,0,0,0,0,0,0,0,0,0,0,0,0,0,0,0,0,0,0,0,0,0,0,0,0,0,0,0,1,0,0,0,0,0,1,0,0,4,2,2,4,1,7,3,4,0,0,0,1,3,6,1,2,3,6,21,10,11,12,16,14,16,16,16,17,10,18,15,12,22,19,8,14,17,14,11,9,16,25,19,16,18,29,35,31,38,25,33,0.88
SVN,Slovenia,Very High,548,549,0,0,0,0,0,0,0,0,0,0,0,0,0,0,0,0,0,0,0,0,0,0,0,0,0,0,0,0,0,0,0,0,0,0,0,0,0,0,0,0,0,0,0,0,0,0,0,0,0,0,0,0,0,0,0,0,0,1,0,1,1,2,1,1,0,0,0,0,0,0,2,1,1,0,4,3,4,4,2,4,7,4,7,8,9,18,7,10,13,12,21,16,19,12,15,15,14,18,20,29,39,37,49,42,36,40,0.931
SLB,Solomon Islands,Medium,4,4,0,0,0,0,0,0,0,0,0,0,0,0,0,0,0,0,0,0,0,0,0,0,0,0,0,0,0,0,0,0,0,0,0,0,0,0,0,0,0,0,0,0,0,0,0,0,0,0,0,0,0,0,1,0,0,0,0,0,0,0,0,0,0,1,0,0,0,0,0,0,0,0,1,0,0,0,0,0,0,0,0,0,0,0,0,0,0,0,0,0,0,0,0,0,0,0,0,0,0,0,0,0,0,0,0,1,0.584
SOM,Somalia,Low,49,49,0,0,0,0,0,0,0,0,0,0,0,0,0,0,0,0,0,0,0,0,0,0,0,0,0,0,0,0,0,0,0,0,0,0,0,0,0,0,0,0,0,0,0,0,0,0,0,0,0,0,0,0,0,0,0,0,0,0,0,0,0,0,0,0,0,0,0,0,0,0,0,1,0,0,0,0,0,0,1,0,0,0,0,0,0,0,1,0,0,0,0,0,0,0,1,2,2,0,0,1,1,2,8,3,12,14,0.404
ZAF,South Africa,High,2828,2828,0,0,0,0,0,0,0,0,0,0,0,0,0,0,0,1,0,0,0,0,1,0,0,0,0,0,1,0,0,1,3,0,1,1,1,5,3,1,0,4,5,3,4,6,3,0,5,0,2,4,3,6,4,37,23,24,19,18,34,37,36,33,38,42,38,35,36,28,30,32,39,42,61,47,38,32,40,30,32,22,32,28,39,33,47,33,37,29,46,53,59,68,57,61,76,86,59,97,89,99,116,116,140,112,103,122,0.741
KOR,South Korea,Very High,10485,10478,0,0,0,0,0,0,0,0,0,0,0,0,0,0,0,0,0,0,0,0,0,0,0,0,0,0,0,0,0,0,0,0,0,1,0,0,0,0,0,0,0,0,0,0,0,0,0,0,0,0,0,0,1,1,13,0,1,2,3,4,2,2,3,0,0,3,0,2,6,8,4,6,8,12,13,14,19,26,37,31,51,45,50,66,73,98,105,149,176,237,498,471,513,518,533,391,450,458,454,560,657,765,769,730,735,704,0.937
SSD,South Sudan,Low,14,14,0,0,0,0,0,0,0,0,0,0,0,0,0,0,0,0,0,0,0,0,0,0,0,0,0,0,0,0,0,0,0,0,0,0,0,0,0,0,0,0,0,0,0,0,0,0,0,0,0,0,0,0,0,0,0,0,0,0,0,0,0,0,0,0,0,0,0,0,0,0,0,0,0,0,0,0,0,0,0,0,0,0,0,0,0,0,0,0,0,0,0,0,0,0,0,0,0,3,0,0,0,1,2,3,2,3,0.388
ESP,Spain,Very High,11005,10994,0,0,0,0,0,0,0,0,0,0,0,0,0,0,0,0,0,0,0,0,0,0,0,0,0,0,2,0,0,0,0,0,1,0,0,0,0,0,0,0,0,0,0,0,0,0,1,1,0,0,0,1,5,16,61,45,32,46,38,39,23,33,35,23,27,36,46,53,49,43,83,94,89,113,138,123,153,176,185,202,219,213,181,247,261,233,276,206,283,305,320,275,291,311,358,298,318,367,350,376,439,581,557,514,555,648,0.918
LKA,Sri Lanka,High,273,273,0,0,0,0,0,0,0,0,0,0,0,0,0,0,0,0,0,0,0,0,0,0,0,0,0,0,0,0,0,0,1,0,0,0,0,0,0,0,0,0,0,0,0,0,0,0,0,1,0,0,0,0,0,1,1,3,0,0,3,0,0,1,0,0,1,1,2,0,1,0,1,2,0,3,4,1,2,2,0,2,2,1,1,1,3,1,2,4,3,6,7,7,13,6,12,7,6,5,16,12,7,22,32,23,22,19,0.776
SDN,Sudan,Low,139,139,0,0,0,0,0,0,0,0,0,0,0,0,0,0,0,0,0,0,0,0,0,0,0,0,0,0,0,0,0,0,0,0,0,0,0,0,0,0,0,0,0,0,0,0,0,0,0,0,0,0,0,0,0,1,2,0,0,0,0,0,1,0,0,0,1,0,1,1,1,0,0,1,1,0,0,0,0,1,0,1,1,0,0,1,2,0,2,0,0,2,0,0,2,1,1,3,4,7,3,9,10,10,14,21,10,24,0.511
SUR,Suriname,High,2,2,0,0,0,0,0,0,0,0,0,0,0,0,0,0,0,0,0,0,0,0,0,0,0,0,0,0,0,0,0,0,0,0,0,0,0,0,0,0,0,0,0,0,0,0,0,0,0,0,0,0,0,0,0,0,0,0,0,0,0,0,0,0,0,0,0,0,0,0,0,0,0,0,0,0,0,0,0,0,0,0,0,0,0,0,0,0,0,0,0,0,0,0,0,1,0,0,0,0,0,0,0,0,0,1,0,0,0.722
SWZ,Swaziland,Medium,9,9,0,0,0,0,0,0,0,0,0,0,0,0,0,0,0,0,0,0,0,0,0,0,0,0,0,0,0,0,0,0,0,0,0,0,0,0,0,0,0,0,0,0,0,0,0,0,0,0,0,0,0,0,0,1,0,0,0,0,0,0,0,0,0,0,0,0,0,0,0,0,0,0,0,0,0,0,0,0,0,0,0,1,0,0,0,0,0,0,0,0,0,3,0,1,1,0,0,0,0,1,1,0,0,0,0,0,0.695
SWE,Sweden,Very High,8781,8771,0,0,0,0,0,0,0,0,0,0,0,0,0,0,0,0,0,0,0,2,1,0,1,2,0,2,3,2,2,1,6,3,2,4,2,3,2,8,7,9,16,15,9,9,15,21,30,18,27,24,24,30,40,59,87,103,111,91,93,105,95,106,147,111,125,176,129,153,156,157,166,141,161,151,158,171,147,152,172,149,142,167,144,179,140,179,168,169,117,141,177,167,173,172,191,184,167,166,175,179,183,273,264,254,269,319,0.959
CHE,Switzerland,Very High,9413,9405,0,0,0,1,0,0,0,0,0,0,0,0,0,0,0,0,0,0,0,0,1,0,0,1,0,0,1,1,3,0,4,4,1,5,3,1,2,0,0,5,3,3,2,3,10,4,8,2,4,10,5,6,8,36,56,49,39,68,57,60,41,40,54,42,48,35,49,46,55,52,61,80,84,87,100,85,112,119,154,128,152,147,149,173,224,233,194,229,201,226,248,265,288,277,240,288,240,290,308,283,377,474,481,427,477,576,0.97
SYR,Syria,Medium,228,228,0,0,0,0,0,0,0,0,0,0,0,0,0,0,0,0,0,0,0,0,0,0,0,0,0,0,0,0,0,0,0,0,0,0,0,0,0,0,0,0,0,0,0,0,0,0,0,0,0,0,0,0,0,0,1,0,0,0,0,0,1,0,0,0,0,0,0,0,0,0,0,0,0,0,0,0,0,0,0,1,1,0,0,0,0,1,0,0,0,1,1,0,2,1,0,4,4,1,2,5,6,13,29,41,57,56,0.564
TWN,Taiwan,Very High,4985,4985,0,0,0,0,0,0,0,0,0,0,0,0,0,0,0,0,0,0,0,0,0,0,0,0,0,0,0,0,0,0,0,0,0,0,0,0,0,0,0,0,0,0,0,0,1,0,0,0,0,0,0,0,0,2,3,1,2,1,3,2,6,2,1,6,5,8,4,3,16,15,13,17,23,43,38,50,75,82,92,93,92,98,111,128,145,173,174,162,161,139,155,167,155,160,166,151,131,146,154,149,164,244,281,225,264,283,0.934
TJK,Tajikistan,Medium,5,5,0,0,0,0,0,0,0,0,0,0,0,0,0,0,0,0,0,0,0,0,0,0,0,0,0,0,0,0,0,0,0,0,0,0,0,0,0,0,0,0,0,0,0,0,0,0,0,0,0,0,0,0,0,0,0,0,0,0,0,0,0,0,0,0,0,0,0,0,0,0,0,0,0,0,0,0,0,0,0,0,0,0,0,0,0,0,0,0,0,0,0,0,0,0,1,0,0,0,0,0,0,0,1,1,0,2,0.691
TZA,Tanzania,Medium,227,228,0,0,0,0,0,0,0,0,0,0,0,0,0,0,0,0,0,0,0,0,0,0,0,0,0,0,0,0,0,0,0,0,0,0,0,0,0,0,0,0,0,0,0,0,0,0,0,0,0,0,0,0,0,2,2,0,1,1,4,0,1,2,1,1,1,0,2,0,0,1,1,2,0,1,0,1,0,0,1,0,0,3,0,0,1,0,1,1,0,3,1,2,5,1,3,5,8,8,8,13,14,16,32,21,30,27,0.555
THA,Thailand,High,2140,2136,0,0,0,0,0,0,0,0,0,0,0,0,0,0,0,0,0,0,0,0,0,0,0,0,0,0,0,0,0,0,0,0,0,0,0,0,0,0,0,0,0,0,0,0,0,0,0,0,0,0,0,0,1,4,3,0,3,1,0,1,2,1,2,4,4,0,3,4,2,2,6,4,9,1,4,4,7,10,11,14,13,16,46,22,24,60,31,38,44,55,42,40,43,38,58,49,70,70,102,85,122,171,196,161,189,244,0.798
TLS,Timor-Leste,Medium,5,5,0,0,0,0,0,0,0,0,0,0,0,0,0,0,0,0,0,0,0,0,0,0,0,0,0,0,0,0,0,0,0,0,0,0,0,0,0,0,0,0,0,0,0,0,0,0,0,0,0,0,0,0,0,0,0,0,0,0,0,0,0,0,0,0,0,0,0,0,0,0,0,0,0,0,0,0,0,0,0,0,0,0,0,0,0,0,0,0,0,0,0,0,0,0,0,0,0,1,0,3,0,0,0,0,1,0,0.634
TGO,Togo,Medium,48,48,0,0,0,0,0,0,0,0,0,0,0,0,0,0,0,0,0,0,0,0,0,0,0,0,0,0,0,0,0,0,0,0,0,0,0,0,0,0,0,0,0,0,0,0,0,0,0,0,0,0,0,0,0,0,0,0,0,0,0,0,0,0,1,0,0,0,0,0,0,0,0,0,0,0,0,0,0,0,0,0,0,0,1,1,1,1,3,4,3,3,0,0,0,1,4,4,0,3,3,0,2,3,2,4,2,2,0.571
TON,Tonga,High,6,6,0,0,0,0,0,0,0,0,0,0,0,0,0,0,0,0,0,0,0,0,0,0,0,0,0,0,0,0,0,0,0,0,0,0,0,0,0,0,0,0,0,0,0,0,0,0,0,0,0,0,0,0,0,0,0,0,0,0,0,0,0,0,0,0,0,0,0,0,0,0,0,0,0,0,0,0,0,0,0,0,0,0,0,0,0,0,0,0,0,0,1,0,0,0,0,1,0,0,1,0,0,1,0,2,0,0,0.769
TTO,Trinidad and Tobago,Very High,99,99,0,0,0,0,0,0,0,0,0,0,0,0,0,0,0,0,0,1,0,0,0,0,0,0,0,0,0,0,0,0,0,0,0,0,0,0,0,0,0,0,0,0,0,0,0,0,0,0,0,0,0,0,0,0,1,0,0,0,0,0,1,0,0,0,0,0,1,1,0,1,0,1,0,1,0,0,4,3,2,1,3,2,0,1,1,1,6,2,4,5,2,6,3,2,1,2,4,6,4,4,2,5,6,1,2,6,0.807
TUN,Tunisia,High,572,572,0,0,0,0,0,0,0,0,0,0,0,0,0,0,0,0,0,0,0,0,0,0,0,0,0,0,0,0,0,0,0,0,0,0,0,0,0,0,0,0,0,0,0,0,0,0,0,0,0,0,0,0,0,0,0,0,1,1,0,0,0,0,0,0,1,2,0,1,1,0,0,0,0,3,1,3,6,2,3,1,9,5,4,9,6,13,7,11,18,10,20,12,14,16,13,6,19,27,21,18,14,31,33,50,90,70,0.746
TUR,Turkey,Very High,16936,17267,0,0,0,0,0,0,0,0,0,0,0,0,0,0,0,0,0,0,0,0,0,0,0,0,0,0,1,0,0,0,0,0,0,0,0,0,0,0,0,1,0,0,0,0,0,0,1,2,0,0,0,0,2,7,2,2,5,9,4,2,0,2,4,1,7,2,3,3,8,11,40,45,70,70,79,75,99,138,116,175,149,186,314,472,504,546,534,476,477,446,559,535,611,673,701,746,702,591,528,670,762,890,969,962,993,1285,0.853
TKM,Turkmenistan,High,0,0,0,0,0,0,0,0,0,0,0,0,0,0,0,0,0,0,0,0,0,0,0,0,0,0,0,0,0,0,0,0,0,0,0,0,0,0,0,0,0,0,0,0,0,0,0,0,0,0,0,0,0,0,0,0,0,0,0,0,0,0,0,0,0,0,0,0,0,0,0,0,0,0,0,0,0,0,0,0,0,0,0,0,0,0,0,0,0,0,0,0,0,0,0,0,0,0,0,0,0,0,0,0,0,0,0,0,0.764
TUV,Tuvalu,Medium,2,2,0,0,0,0,0,0,0,0,0,0,0,0,0,0,0,0,0,0,0,0,0,0,0,0,0,0,0,0,0,0,0,0,0,0,0,0,0,0,0,0,0,0,0,0,0,0,0,0,0,0,0,0,0,0,0,0,0,0,0,0,0,0,0,0,0,0,0,0,0,0,1,1,0,0,0,0,0,0,0,0,0,0,0,0,0,0,0,0,0,0,0,0,0,0,0,0,0,0,0,0,0,0,0,0,0,0,0.689
UGA,Uganda,Medium,233,231,0,0,0,0,0,0,0,0,0,0,0,0,0,0,0,0,0,0,0,0,0,0,0,0,0,0,0,0,0,0,0,0,0,0,0,0,0,0,0,0,0,0,0,1,0,0,0,0,1,0,0,1,2,1,0,1,0,0,1,1,0,1,0,0,0,0,0,0,0,0,0,1,0,0,0,0,0,0,2,2,2,0,0,0,1,1,2,4,1,4,2,4,6,4,5,13,9,14,12,17,10,14,17,24,27,23,0.582
UKR,Ukraine,High,1069,1057,0,0,0,0,0,0,0,0,0,0,0,0,0,0,0,0,0,0,0,0,0,0,0,0,0,0,0,0,0,0,0,0,0,0,0,0,0,0,0,1,0,0,0,0,1,0,1,0,0,0,0,0,0,0,5,10,6,7,30,17,13,19,15,8,8,7,5,9,7,6,2,5,4,3,3,1,1,4,2,0,1,1,0,3,1,5,1,3,2,5,1,2,1,4,5,9,9,11,21,99,95,106,109,135,119,109,0.779
ARE,United Arab Emirates,Very High,684,682,0,0,0,0,0,0,0,0,0,0,0,0,0,0,0,0,0,0,0,0,0,0,0,0,0,0,0,0,0,0,0,0,0,0,0,0,0,0,0,0,0,0,0,0,0,0,0,0,0,0,0,0,0,0,0,0,0,0,0,0,0,0,0,0,0,0,0,0,1,0,0,5,3,6,1,2,5,3,1,2,3,5,4,3,3,9,5,7,6,9,4,14,8,14,18,24,20,21,25,33,44,66,56,74,93,85,0.94
GBR,United Kingdom,Very High,51113,51004,4,8,2,6,3,2,11,19,17,24,33,39,29,17,24,28,5,34,12,34,45,31,26,28,36,20,38,23,32,43,60,25,63,71,90,95,107,116,103,103,96,111,138,126,150,134,133,155,107,188,188,203,249,386,349,311,317,337,394,432,420,416,447,407,482,529,552,532,642,639,761,811,793,882,899,895,783,879,861,904,1102,1039,1060,1182,1047,1132,1250,1232,1171,1158,1125,1237,1128,1158,1103,1149,1064,1096,1081,1088,1398,1602,1579,1372,1382,1525,0.946
USA,United States of America,Very High,144765,144037,21,28,30,38,51,62,37,49,64,57,55,73,71,67,46,46,93,64,76,91,70,75,83,77,59,57,86,80,91,100,81,113,94,117,119,110,179,113,132,135,100,100,99,104,182,188,161,200,195,216,269,306,341,924,1164,1010,878,897,1010,1099,1108,1114,1097,1036,1015,1130,1119,1238,1387,1598,1825,1807,2011,2128,2145,2160,2359,2251,2229,2196,2046,1906,2240,2436,2618,2858,2961,2882,2877,3074,3237,3480,3599,3829,3691,3862,3803,4138,4464,4319,4968,5842,5653,5496,5963,6309,0.938
URY,Uruguay,Very High,156,156,0,0,0,0,0,0,0,0,0,0,0,0,0,0,0,0,0,0,0,0,0,0,0,0,0,0,0,0,0,0,0,0,0,0,1,0,0,0,0,0,0,0,0,0,0,0,0,0,0,0,0,0,0,4,3,0,1,0,2,3,0,0,1,0,0,2,0,0,0,2,0,0,0,1,1,0,1,3,0,0,3,0,2,9,0,0,3,1,4,3,4,3,4,1,3,2,3,4,4,9,8,15,16,9,10,11,0.862
UZB,Uzbekistan,High,107,107,0,0,0,0,0,0,0,0,0,0,0,0,0,0,0,0,0,0,0,0,0,0,0,0,0,0,0,0,0,0,0,0,0,0,0,0,0,0,0,0,0,0,0,0,0,0,0,0,0,0,0,0,0,0,0,1,1,1,4,1,7,3,0,2,2,0,2,1,1,0,0,0,1,3,0,0,2,0,0,0,0,0,0,0,1,0,0,1,0,0,0,1,1,1,1,1,0,0,0,4,8,4,7,11,18,16,0.74
VUT,Vanuatu,Medium,10,10,0,0,0,0,0,0,0,0,0,0,0,0,0,0,0,0,0,0,0,0,0,0,0,0,0,0,0,0,0,0,0,0,0,0,0,0,0,0,0,0,0,0,0,0,0,0,0,0,0,0,0,0,0,0,0,0,0,0,0,0,0,0,0,0,0,0,0,0,0,1,0,0,0,0,1,0,0,0,0,0,0,1,1,1,0,0,1,0,0,0,0,0,0,0,0,1,0,0,0,0,0,0,1,1,0,1,0.621
VEN,Venezuela,High,246,246,0,0,0,0,0,0,0,0,0,0,0,0,0,0,0,0,0,0,0,0,0,0,0,0,0,0,1,0,0,0,0,0,0,0,0,0,0,0,0,0,0,0,0,0,0,0,0,0,1,0,1,0,1,6,3,2,3,5,6,5,4,4,2,1,0,2,2,0,2,0,4,3,2,1,2,3,4,6,3,5,5,6,7,8,4,8,5,3,11,7,4,8,3,8,9,7,7,2,8,8,11,3,5,2,6,7,0.709
VNM,Vietnam,High,315,314,0,0,0,0,0,0,0,0,0,0,0,0,0,0,0,0,0,0,0,0,0,0,0,0,0,0,0,0,0,0,0,0,0,0,0,0,0,0,0,0,0,0,0,0,0,0,0,2,0,0,0,0,0,1,1,1,0,0,0,0,0,0,0,0,0,0,0,1,1,0,0,0,0,0,1,0,0,1,0,0,2,0,0,1,1,2,2,0,2,0,3,1,1,3,1,0,1,4,7,15,13,41,46,38,49,72,0.766
YEM,Yemen,Low,66,66,0,0,0,0,0,0,0,0,0,0,0,0,0,0,0,0,0,0,0,0,0,0,0,0,0,0,0,0,0,0,0,0,0,0,0,0,0,0,0,0,0,0,0,0,0,0,0,0,0,0,0,0,0,0,0,0,0,0,0,0,0,0,0,0,0,0,0,0,0,1,0,0,0,0,0,0,0,2,0,1,1,0,0,0,0,3,1,1,1,2,2,1,1,0,1,1,3,0,1,0,5,2,11,10,5,10,0.47
ZMB,Zambia,Medium,91,90,0,0,0,0,0,0,0,0,0,0,0,0,0,0,0,0,0,0,0,0,0,0,0,0,0,0,0,0,0,0,0,0,0,0,0,0,0,0,0,0,0,0,0,0,0,0,0,0,0,0,0,0,1,1,0,0,0,0,1,0,0,0,0,0,0,1,0,2,1,1,1,2,1,1,0,0,0,0,1,0,1,0,0,1,0,0,1,1,2,1,1,0,0,2,2,4,1,5,2,9,9,6,9,6,6,7,0.595
ZWE,Zimbabwe,Medium,112,112,0,0,0,0,0,0,0,0,0,0,0,0,0,0,0,0,0,0,0,0,0,0,0,0,0,0,0,0,0,0,0,0,0,0,0,0,0,0,0,0,0,0,0,0,0,0,0,0,0,0,0,0,1,2,1,2,5,0,4,0,3,1,1,0,1,2,1,0,3,3,0,1,0,2,3,1,7,1,2,4,4,3,2,3,0,3,3,2,2,1,0,0,1,1,1,3,5,2,5,6,2,0,4,4,3,1,0.598
