iso3,country,hdicode,hdi_2022,anesthesiology,1920,1921,1922,1923,1924,1925,1926,1927,1928,1929,1930,1931,1932,1933,1934,1935,1936,1937,1938,1939,1940,1941,1942,1943,1944,1945,1946,1947,1948,1949,1950,1951,1952,1953,1954,1955,1956,1957,1958,1959,1960,1961,1962,1963,1964,1965,1966,1967,1968,1969,1970,1971,1972,1973,1974,1975,1976,1977,1978,1979,1980,1981,1982,1983,1984,1985,1986,1987,1988,1989,1990,1991,1992,1993,1994,1995,1996,1997,1998,1999,2000,2001,2002,2003,2004,2005,2006,2008,2007,2009,2010,2011,2012,2013,2014,2015,2016,2017,2018,2019,2020,2021,2022,2023,2024,2025
AFG,Afghanistan,Low,0.462,49,0,0,0,0,0,0,0,0,0,0,0,0,0,0,0,0,0,0,0,0,0,0,0,0,0,0,0,0,0,0,0,0,0,0,0,0,0,0,0,0,0,0,0,0,0,0,0,0,0,0,0,0,0,0,0,0,0,0,0,0,0,0,0,0,0,0,0,0,0,0,0,0,0,0,0,0,0,0,0,0,0,0,0,0,0,1,0,0,0,1,3,0,1,1,0,3,4,2,0,0,4,6,4,7,3,9
ALB,Albania,High,0.789,63,0,0,0,0,0,0,0,0,0,0,0,0,0,0,0,0,0,0,0,0,0,0,0,0,0,0,0,0,0,0,0,0,0,0,0,0,0,0,0,0,0,0,0,0,0,0,0,0,0,0,0,0,0,0,0,0,0,0,0,0,0,0,0,0,0,0,0,0,0,0,0,0,0,0,0,0,0,1,0,0,0,0,0,0,0,0,1,0,0,2,4,0,3,1,4,1,6,3,4,0,1,1,5,5,11,10
DZA,Algeria,High,0.745,103,0,0,0,0,0,0,0,0,0,0,0,0,0,0,0,0,0,0,0,0,0,0,0,0,0,0,0,0,0,0,0,0,0,0,0,0,0,0,0,0,0,0,0,0,0,0,0,0,0,0,0,0,1,1,0,0,0,0,0,0,0,0,1,0,0,0,0,0,0,0,0,0,0,0,0,1,0,0,1,2,0,0,0,0,1,0,0,1,1,1,1,0,2,4,3,4,2,2,7,5,5,7,2,11,19,18
AND,Andorra,Very High,0.884,4,0,0,0,0,0,0,0,0,0,0,0,0,0,0,0,0,0,0,0,0,0,0,0,0,0,0,0,0,0,0,0,0,0,0,0,0,0,0,0,0,0,0,0,0,0,0,0,0,0,0,0,0,0,0,0,0,0,0,0,0,0,0,0,0,0,0,0,0,0,0,0,0,0,0,0,0,0,0,0,0,0,0,0,0,0,0,0,0,0,0,0,0,0,0,0,0,1,0,0,0,0,1,0,1,1,0
AGO,Angola,Medium,0.591,11,0,0,0,0,0,0,0,0,0,0,0,0,0,0,0,0,0,0,0,0,0,0,0,0,0,0,0,0,0,0,0,0,0,0,0,0,0,0,0,0,0,0,0,0,0,0,0,0,0,0,0,0,1,0,0,0,0,0,0,0,0,0,0,0,0,0,1,0,0,0,0,0,0,0,0,0,0,0,0,0,0,0,0,0,0,0,0,0,0,0,0,0,0,0,0,1,1,0,1,1,1,0,0,0,1,3
ATG,Antigua and Barbuda,Very High,0.826,10,0,0,0,0,0,0,0,0,0,0,0,0,0,0,0,0,0,0,0,0,0,0,0,0,0,0,0,0,0,0,0,0,0,0,0,0,0,0,0,0,0,0,0,0,0,0,0,0,0,0,0,0,0,0,1,0,0,0,1,0,0,0,0,0,0,0,0,0,0,0,0,0,0,0,0,0,0,0,0,0,0,0,0,0,0,0,0,0,1,0,0,0,0,1,0,0,0,0,0,0,1,0,1,1,2,1
ARG,Argentina,Very High,0.849,1289,0,0,0,0,0,0,0,1,0,0,0,0,0,0,0,0,0,0,0,0,0,1,0,0,1,0,1,0,0,0,0,0,1,0,0,0,0,0,0,0,0,0,1,0,1,3,0,1,2,1,1,1,2,9,17,4,2,6,6,4,3,2,5,6,2,3,0,3,2,5,5,3,9,10,6,8,8,15,6,15,15,12,21,21,17,16,36,14,25,29,29,30,32,29,41,39,28,31,50,49,69,99,86,74,95,120
ARM,Armenia,High,0.786,65,0,0,0,0,0,0,0,0,0,0,0,0,0,0,0,0,0,0,0,0,0,0,0,0,0,0,0,0,0,0,0,0,0,0,0,0,0,0,0,0,0,0,0,0,0,0,0,0,0,0,0,0,0,1,0,0,0,0,0,0,0,0,0,0,0,0,0,0,0,0,0,0,0,1,0,1,1,0,1,0,1,0,2,1,1,2,0,1,0,1,1,0,0,1,1,3,0,2,0,3,2,5,9,10,5,9
AUS,Australia,Very High,0.946,13564,0,0,0,0,0,0,0,1,4,2,6,5,2,1,0,0,2,2,4,2,0,0,1,3,1,0,1,2,1,0,0,0,2,1,1,2,4,2,3,2,6,5,7,5,11,8,11,21,21,25,26,20,27,60,70,53,44,66,49,68,70,94,74,63,78,79,67,79,115,79,135,154,131,217,220,154,158,183,181,204,193,228,237,242,299,328,317,269,309,299,332,325,358,416,414,384,397,464,494,494,521,587,640,539,581,702
AUT,Austria,Very High,0.926,4833,0,0,0,0,0,0,1,0,0,0,0,0,0,0,0,0,0,0,0,0,0,0,0,0,1,0,0,0,0,2,0,1,2,5,2,3,2,0,0,1,0,0,0,0,2,3,5,5,0,5,1,1,8,18,36,20,23,20,28,26,23,32,23,27,22,34,16,26,26,38,44,39,35,38,56,45,79,120,133,104,132,96,118,127,107,124,130,129,118,126,128,119,105,126,135,122,101,112,131,120,149,206,234,211,194,252
AZE,Azerbaijan,High,0.76,85,0,0,0,0,0,0,0,0,0,0,0,0,0,0,0,0,0,0,0,0,0,0,0,0,0,0,0,0,0,0,0,0,0,0,0,0,0,0,0,0,0,0,0,0,0,0,0,0,0,0,0,0,0,0,2,0,2,0,2,0,0,1,0,0,0,0,0,0,0,2,0,0,0,1,0,0,0,0,0,0,0,0,3,1,7,3,0,4,4,1,4,2,2,2,0,2,1,2,1,7,3,3,3,1,8,11
BHS,Bahamas,Very High,0.82,7,0,0,0,0,0,0,0,0,0,0,0,0,0,0,0,0,0,0,0,0,0,0,0,0,0,0,0,0,0,0,0,0,0,0,0,0,0,0,0,0,0,0,0,0,0,0,0,0,0,0,0,0,0,0,0,0,0,0,0,0,0,0,0,0,0,0,0,0,0,1,0,0,0,0,0,0,0,0,0,0,0,0,0,0,0,0,0,0,0,1,0,0,0,0,0,0,0,0,0,1,0,0,2,0,0,2
BHR,Bahrain,Very High,0.888,142,0,0,0,0,0,0,0,0,0,0,0,0,0,0,0,0,0,0,0,0,0,0,0,0,0,0,0,0,0,0,0,0,0,0,0,0,0,0,0,0,0,0,0,0,0,0,0,0,0,0,0,0,0,0,0,0,0,0,0,0,0,0,0,0,0,0,0,0,1,2,0,0,0,0,0,0,0,1,0,0,2,0,0,3,1,6,2,1,4,1,5,1,1,2,5,3,7,6,3,10,16,11,10,13,6,19
BGD,Bangladesh,Medium,0.67,261,0,0,0,0,0,0,0,0,0,0,0,0,0,0,0,0,0,0,0,0,0,0,0,0,0,0,0,0,0,0,0,0,0,0,0,0,0,0,0,0,0,0,0,0,0,0,0,0,0,0,0,0,0,1,1,0,0,0,0,0,0,1,2,0,0,1,0,0,1,4,1,1,0,1,0,3,1,3,3,2,2,4,2,0,1,3,2,9,2,4,16,7,13,6,11,8,8,7,6,10,12,19,23,20,18,22
BRB,Barbados,Very High,0.809,44,0,0,0,0,0,0,0,0,0,0,0,0,0,0,0,0,0,0,0,0,0,0,0,0,0,0,0,0,0,0,0,0,0,0,0,0,0,0,0,0,0,0,0,0,0,0,0,0,0,0,0,0,0,0,0,0,0,0,0,0,0,0,0,0,1,2,2,2,1,2,0,0,3,1,0,1,0,1,0,0,0,0,0,0,0,0,0,1,0,3,1,1,2,2,0,3,2,1,0,0,0,2,6,0,2,2
BLR,Belarus,Very High,0.801,152,0,0,0,0,0,0,0,0,0,0,0,0,0,0,0,0,0,0,0,0,0,0,0,0,0,0,0,0,0,0,0,0,0,0,0,0,0,0,0,0,0,0,0,0,0,0,0,0,0,0,0,0,0,0,2,3,0,7,5,2,3,2,1,0,1,0,0,0,0,1,2,0,1,0,1,0,0,1,0,0,0,0,2,2,1,1,0,1,1,0,0,0,0,8,1,2,1,4,2,4,17,15,14,15,13,16
BEL,Belgium,Very High,0.942,6934,0,0,0,0,1,0,0,0,0,0,0,0,0,1,0,1,1,0,0,3,0,0,0,0,0,0,1,1,0,1,5,1,2,0,0,2,0,0,1,1,1,1,0,2,1,3,3,4,2,4,6,4,12,38,60,39,51,19,38,37,35,34,33,32,32,38,40,46,50,50,49,64,70,82,74,96,97,108,95,94,96,109,93,118,133,149,147,163,161,151,162,157,182,180,179,173,199,186,222,234,287,358,339,377,408,405
BLZ,Belize,High,0.7,7,0,0,0,0,0,0,0,0,0,0,0,0,0,0,0,0,0,0,0,0,0,0,0,0,0,0,0,0,0,0,0,0,0,0,0,0,0,0,0,0,0,0,0,0,0,0,0,0,0,0,0,0,0,0,0,0,0,0,0,0,0,0,0,0,0,0,0,0,0,0,0,0,0,0,0,0,0,0,0,0,0,0,0,0,0,0,0,0,0,0,0,0,0,0,0,0,0,0,0,1,1,1,0,0,3,1
BEN,Benin,Low,0.504,64,0,0,0,0,0,0,0,0,0,0,0,0,0,0,0,0,0,0,0,0,0,0,0,0,0,0,0,0,0,0,0,0,0,0,0,0,0,0,0,0,0,0,0,0,0,0,0,0,0,0,0,0,0,0,0,0,0,0,0,0,0,0,0,0,0,0,0,0,0,0,0,0,1,0,0,0,0,1,0,2,0,0,1,0,0,1,3,2,2,2,2,0,2,4,4,1,1,4,4,5,3,3,2,7,6,1
BTN,Bhutan,Medium,0.681,30,0,0,0,0,0,0,0,0,0,0,0,0,0,0,0,0,0,0,0,0,0,0,0,0,0,0,0,0,0,0,0,0,0,0,0,0,0,0,0,0,0,0,0,0,0,0,0,0,0,0,0,0,0,0,0,0,0,0,0,0,0,0,0,0,0,0,0,0,0,0,0,0,0,0,0,0,0,0,0,0,0,0,0,0,0,0,0,0,0,0,0,0,1,0,0,0,0,1,0,4,1,4,5,2,9,3
BOL,Bolivia,Medium,0.698,47,0,0,0,0,0,0,0,0,0,0,0,0,0,0,0,0,0,0,0,0,0,0,0,0,0,0,0,0,0,0,0,0,0,0,0,0,0,0,0,0,0,0,0,0,0,0,0,0,0,0,0,0,0,0,0,0,0,1,0,1,0,0,0,0,0,0,0,0,0,0,0,0,0,0,0,0,0,0,0,0,0,0,0,1,0,1,0,0,0,1,0,1,2,2,0,0,0,2,0,4,8,3,0,5,7,8
BIH,Bosnia and Herzegovina,High,0.779,217,0,0,0,0,0,0,0,0,0,0,0,0,0,0,0,0,0,0,0,0,0,0,0,0,0,0,0,0,0,0,0,0,0,0,0,0,0,0,0,0,0,0,0,0,0,0,0,0,0,0,0,0,0,0,1,1,0,1,0,0,0,0,0,0,0,0,0,0,0,0,2,0,0,0,0,0,0,0,0,0,0,0,1,0,2,4,3,5,2,5,2,11,12,7,4,9,5,9,3,23,11,14,12,19,19,30
BWA,Botswana,High,0.708,42,0,0,0,0,0,0,0,0,0,0,0,0,0,0,0,0,0,0,0,0,0,0,0,0,0,0,0,0,0,0,0,0,0,0,0,0,0,0,0,0,0,0,0,0,0,0,0,0,0,0,0,0,0,0,0,0,0,0,0,1,0,0,0,0,0,0,0,0,0,0,0,0,0,0,0,1,1,2,0,0,0,0,0,0,0,0,0,1,0,1,0,2,0,1,0,4,4,1,1,0,3,5,2,6,3,3
BRA,Brazil,High,0.76,9125,0,0,0,0,0,0,0,0,0,0,0,0,0,0,0,0,0,0,0,0,0,0,0,0,4,1,0,1,0,0,0,0,0,1,0,0,1,0,0,1,1,2,0,0,0,2,1,0,1,1,0,1,7,40,58,43,64,43,22,37,36,48,35,6,8,9,9,4,6,12,15,24,33,30,50,49,75,89,76,92,142,104,147,167,201,240,228,256,236,274,262,309,291,300,304,303,319,347,346,343,412,553,508,413,509,573
BRN,Brunei,Very High,0.823,28,0,0,0,0,0,0,0,0,0,0,0,0,0,0,0,0,0,0,0,0,0,0,0,0,0,0,0,0,0,0,0,0,0,0,0,0,0,0,0,0,0,0,0,0,0,0,0,0,0,0,0,0,0,0,0,0,0,0,0,0,0,0,0,2,0,0,0,0,0,0,0,0,0,0,0,0,1,0,1,0,0,0,0,0,0,2,1,0,0,0,0,1,1,1,0,1,1,0,3,0,0,1,1,4,4,3
,Brunei Darussalam,,,28,0,0,0,0,0,0,0,0,0,0,0,0,0,0,0,0,0,0,0,0,0,0,0,0,0,0,0,0,0,0,0,0,0,0,0,0,0,0,0,0,0,0,0,0,0,0,0,0,0,0,0,0,0,0,0,0,0,0,0,0,0,0,0,2,0,0,0,0,0,0,0,0,0,0,0,0,1,0,1,0,0,0,0,0,0,2,1,0,0,0,0,1,1,1,0,1,1,0,3,0,0,1,1,4,4,3
BGR,Bulgaria,High,0.799,686,0,0,0,0,0,0,0,0,0,0,0,0,0,0,0,0,0,1,0,0,0,0,0,0,0,0,0,0,0,0,0,0,0,0,0,0,0,0,0,0,0,0,0,0,0,0,0,0,0,0,0,0,1,20,25,18,12,4,12,18,7,5,13,6,6,10,2,7,8,1,2,7,0,3,2,5,7,4,3,6,10,6,5,4,12,6,3,11,5,9,13,10,23,15,18,25,17,26,32,26,37,23,28,19,42,46
BFA,Burkina Faso,Low,0.438,61,0,0,0,0,0,0,0,0,0,0,0,0,0,0,0,0,0,0,0,0,0,0,0,0,0,0,0,0,0,0,0,0,0,0,0,0,0,0,0,0,0,0,0,0,0,0,0,0,0,0,0,0,0,0,0,0,0,0,0,0,0,0,0,0,0,0,0,0,0,0,1,0,0,0,0,0,1,0,1,2,1,1,2,0,0,0,0,1,0,1,1,1,0,0,2,2,1,3,2,2,6,6,7,7,5,5
BDI,Burundi,Low,0.42,19,0,0,0,0,0,0,0,0,0,0,0,0,0,0,0,0,0,0,0,0,0,0,0,0,0,0,0,0,0,0,0,0,0,0,0,0,0,0,0,0,0,0,0,0,0,0,0,0,0,0,0,0,0,0,0,0,0,0,0,0,0,0,0,0,0,0,0,0,0,0,0,0,0,0,0,0,0,0,0,0,0,0,0,0,0,0,0,0,0,0,0,0,0,0,0,1,2,2,2,3,4,1,1,0,1,2
CPV,Cabo Verde,Medium,0.661,0,0,0,0,0,0,0,0,0,0,0,0,0,0,0,0,0,0,0,0,0,0,0,0,0,0,0,0,0,0,0,0,0,0,0,0,0,0,0,0,0,0,0,0,0,0,0,0,0,0,0,0,0,0,0,0,0,0,0,0,0,0,0,0,0,0,0,0,0,0,0,0,0,0,0,0,0,0,0,0,0,0,0,0,0,0,0,0,0,0,0,0,0,0,0,0,0,0,0,0,0,0,0,0,0,0,0
KHM,Cambodia,Medium,0.6,26,0,0,0,0,0,0,0,0,0,0,0,0,0,0,0,0,0,0,0,0,0,0,0,0,0,0,0,0,0,0,0,0,0,0,0,0,0,0,0,0,0,0,0,0,0,0,0,0,0,0,0,0,0,0,0,0,0,0,0,0,0,0,0,0,0,0,0,0,0,0,0,0,0,0,0,0,0,0,0,1,0,0,0,0,0,0,0,0,2,0,1,0,0,0,1,1,0,1,1,1,2,5,3,1,2,4
CMR,Cameroon,Medium,0.587,137,0,0,0,0,0,0,0,0,0,0,0,0,0,0,0,0,0,0,0,0,0,0,0,0,0,0,0,0,0,0,0,0,0,0,0,0,0,0,0,0,0,0,0,0,0,0,0,0,0,0,0,0,0,0,0,1,0,0,0,0,0,0,0,0,0,0,0,0,0,0,0,0,1,1,1,1,1,1,0,2,2,2,0,0,0,2,1,1,3,1,0,0,0,0,4,3,6,8,6,12,13,14,12,16,13,9
CAN,Canada,Very High,0.935,21789,0,0,5,3,6,4,1,2,2,2,3,6,7,4,6,5,2,5,2,2,6,5,5,8,2,2,4,6,5,15,4,4,2,3,22,26,33,31,33,32,38,35,44,41,45,43,41,50,40,59,61,60,63,109,134,115,129,108,113,121,115,158,129,171,155,151,188,193,251,229,349,253,310,284,293,267,336,305,282,321,278,315,320,312,379,442,426,449,434,489,503,507,521,638,591,633,547,672,729,754,868,903,863,789,924,999
CAF,Central African Republic,Low,0.387,7,0,0,0,0,0,0,0,0,0,0,0,0,0,0,0,0,0,0,0,0,0,0,0,0,0,0,0,0,0,0,0,0,0,0,0,0,0,0,0,0,0,0,0,0,0,0,0,0,0,0,0,0,0,0,0,0,0,0,0,0,0,0,0,0,0,0,0,0,0,0,0,0,0,0,0,0,0,0,0,1,0,1,0,0,0,0,0,0,0,0,0,1,0,0,0,1,0,0,0,0,2,0,1,0,0,0
TCD,Chad,Low,0.394,3,0,0,0,0,0,0,0,0,0,0,0,0,0,0,0,0,0,0,0,0,0,0,0,0,0,0,0,0,0,0,0,0,0,0,0,0,0,0,0,0,0,0,0,0,0,0,0,0,0,0,0,0,0,0,0,0,0,0,0,0,0,0,0,0,0,0,0,0,0,0,0,0,0,0,0,0,0,0,0,0,0,0,0,0,0,0,0,0,0,0,0,0,0,0,0,0,0,0,0,1,0,0,0,0,1,1
CHL,Chile,Very High,0.86,1283,0,0,0,0,0,0,0,0,0,0,0,0,0,0,0,0,0,0,0,1,0,0,0,0,0,0,0,0,0,0,1,1,0,0,0,0,1,0,0,0,0,0,0,0,0,0,0,1,0,0,0,0,4,3,3,2,0,3,4,4,10,8,4,3,1,3,1,1,2,2,6,8,10,7,5,5,8,12,9,13,7,5,17,10,15,13,14,43,29,24,29,43,32,50,43,28,25,57,57,54,68,97,99,63,89,126
CHN,China,High,0.788,38978,0,0,0,0,0,0,1,0,0,0,0,0,0,0,0,0,0,1,0,0,0,0,0,0,0,0,0,0,0,0,0,0,0,0,0,0,0,0,0,0,0,0,0,0,0,0,0,0,0,0,0,0,0,1,1,0,0,0,1,4,3,7,4,7,6,11,6,12,5,9,18,30,28,24,23,23,43,50,62,52,61,75,154,193,221,456,485,533,488,579,570,582,683,839,934,1058,1143,1294,1162,1593,2529,3426,4393,4116,4986,5993
COL,Colombia,High,0.758,1385,0,0,0,0,0,0,0,0,0,0,0,0,0,0,0,0,0,0,0,0,0,0,0,0,0,0,0,0,0,0,0,0,0,0,0,0,0,0,0,0,0,0,0,0,0,0,0,0,1,0,0,0,0,1,1,1,1,0,0,0,1,0,0,1,0,0,0,0,0,1,1,0,0,2,1,0,3,3,1,3,3,2,3,6,4,4,9,26,8,32,28,39,52,35,74,56,56,73,80,68,95,102,121,133,120,134
COM,Comoros,Medium,0.586,4,0,0,0,0,0,0,0,0,0,0,0,0,0,0,0,0,0,0,0,0,0,0,0,0,0,0,0,0,0,0,0,0,0,0,0,0,0,0,0,0,0,0,0,0,0,0,0,0,0,0,0,0,0,0,0,0,0,0,0,0,0,0,0,0,0,0,0,0,0,0,0,0,0,0,0,0,0,0,0,1,1,0,0,0,0,0,1,0,1,0,0,0,0,0,0,0,0,0,0,0,0,0,0,0,0,0
COG,Congo,Medium,0.593,103,0,0,0,0,0,0,0,0,0,0,0,0,0,0,0,0,0,0,0,0,0,0,0,0,0,1,0,0,0,0,0,0,0,0,0,0,0,0,0,0,0,0,0,0,0,0,0,0,1,0,0,0,0,0,0,0,0,0,0,0,1,0,0,0,1,0,0,0,1,0,0,0,0,0,0,0,2,0,1,0,0,1,0,1,0,0,1,1,1,0,1,1,2,2,2,7,4,3,2,3,11,11,9,11,13,8
CRI,Costa Rica,Very High,0.806,84,0,0,0,0,0,0,0,0,0,0,0,0,0,0,0,0,0,0,0,0,0,0,0,0,0,0,0,0,0,0,0,0,0,0,0,0,0,0,0,0,0,0,0,0,0,0,0,0,0,0,0,0,0,1,1,0,0,0,0,1,0,0,0,0,0,0,0,1,0,0,0,1,1,0,0,0,1,0,0,1,0,0,0,0,0,0,1,2,0,0,0,0,0,4,4,1,4,2,3,5,9,5,12,4,7,13
,Cote d'Ivoire,,,65,0,0,0,0,0,0,0,0,0,0,0,0,0,0,0,0,0,0,0,0,0,0,0,0,0,0,0,0,0,0,0,0,0,0,0,0,0,0,0,0,0,0,0,0,0,0,0,0,0,0,0,0,0,0,1,0,0,0,0,0,0,0,0,0,0,0,0,0,0,4,4,3,3,2,1,0,2,1,0,2,1,1,2,1,0,2,0,3,0,2,0,2,1,1,1,1,1,1,0,2,1,4,3,1,6,5
HRV,Croatia,Very High,0.878,1266,0,0,0,0,0,0,0,0,0,0,0,0,0,0,0,0,0,0,0,0,0,0,0,0,0,0,0,0,0,0,0,1,0,0,0,0,0,0,0,0,0,0,0,0,0,0,1,0,0,0,0,0,0,0,3,1,1,4,2,3,1,1,1,0,0,0,1,2,3,0,2,3,2,5,3,15,13,10,6,9,14,11,15,13,19,25,37,28,36,34,43,64,53,67,34,50,28,41,57,56,70,58,75,92,68,85
CUB,Cuba,High,0.764,317,0,0,0,0,0,0,0,0,0,0,0,1,0,1,0,0,0,0,0,0,0,0,0,0,0,0,1,0,0,2,0,0,0,0,0,0,0,0,0,0,0,0,0,0,0,0,0,0,0,0,0,0,1,2,2,2,6,2,0,0,0,0,1,0,1,1,1,2,0,2,2,1,0,3,0,2,8,9,6,10,7,12,10,7,9,5,14,15,8,7,8,9,15,8,8,5,12,6,7,11,14,10,14,11,8,8
CYP,Cyprus,Very High,0.907,171,0,0,0,0,0,0,0,0,0,0,0,0,0,0,0,0,0,0,0,0,0,0,0,0,0,0,0,0,0,0,0,0,0,0,0,0,0,0,0,0,0,0,0,0,0,0,0,0,0,0,0,0,0,0,0,0,0,0,0,0,0,0,0,0,0,0,0,0,1,0,1,0,0,0,0,0,1,0,1,0,0,0,1,0,0,0,0,0,2,2,1,9,6,3,8,4,7,7,9,13,10,18,25,12,18,12
CZE,Czech Republic,Very High,0.895,2238,0,0,0,0,0,0,0,0,0,0,0,0,0,0,0,0,0,0,0,0,0,0,0,0,1,0,0,0,0,2,0,0,0,0,0,0,2,0,0,0,0,0,0,1,1,0,1,3,0,3,0,2,0,1,6,5,3,6,2,7,1,4,5,3,2,0,1,2,4,3,7,11,10,11,8,14,21,27,23,51,58,56,65,57,69,49,77,54,84,70,69,67,68,63,71,92,81,82,81,84,96,88,117,79,97,110
,Czechoslovakia,,,92,0,0,0,0,0,0,0,0,0,0,0,0,0,0,0,0,0,0,0,0,0,0,0,0,0,0,0,0,0,0,0,0,0,0,0,0,2,1,0,2,0,0,1,0,0,0,0,0,4,0,0,1,0,7,6,5,5,7,3,3,3,4,2,2,1,8,3,1,1,2,12,1,5,0,0,0,0,0,0,0,0,0,0,0,0,0,0,0,0,0,0,0,0,0,0,0,0,0,0,0,0,0,0,0,0,0
,Democratic Republic Congo,,,58,0,0,0,0,0,0,0,0,0,0,0,0,0,0,0,0,0,0,0,0,0,0,0,0,0,0,0,0,0,0,0,0,0,0,0,0,0,0,0,0,0,0,0,0,0,0,0,0,0,0,0,0,0,0,0,0,0,0,0,0,0,0,0,0,1,0,0,0,1,0,0,0,0,0,0,0,2,0,0,0,0,0,0,0,0,0,0,0,1,0,0,0,0,1,0,1,0,1,1,1,8,9,7,8,9,7
COD,Democratic Republic of the Congo,Low,0.481,0,0,0,0,0,0,0,0,0,0,0,0,0,0,0,0,0,0,0,0,0,0,0,0,0,0,0,0,0,0,0,0,0,0,0,0,0,0,0,0,0,0,0,0,0,0,0,0,0,0,0,0,0,0,0,0,0,0,0,0,0,0,0,0,0,0,0,0,0,0,0,0,0,0,0,0,0,0,0,0,0,0,0,0,0,0,0,0,0,0,0,0,0,0,0,0,0,0,0,0,0,0,0,0,0,0,0
DNK,Denmark,Very High,0.952,6416,0,0,0,0,0,0,0,0,0,0,0,0,0,0,0,0,0,0,0,0,0,0,0,2,2,2,0,0,1,0,0,1,0,2,3,2,1,3,9,2,1,6,6,2,7,8,13,13,5,7,14,6,19,27,27,43,40,47,100,65,72,91,99,55,89,98,101,95,98,99,107,104,90,102,104,100,71,72,81,83,90,94,98,97,98,116,113,97,128,115,127,135,150,169,192,166,177,169,174,165,187,230,278,207,257,290
DJI,Djibouti,Low,0.515,8,0,0,0,0,0,0,0,0,0,0,0,0,0,0,0,0,0,0,0,0,0,0,0,0,0,0,0,0,0,0,0,0,0,0,0,0,0,0,0,0,0,0,0,0,0,0,0,0,0,0,0,0,0,0,0,0,0,0,0,0,0,0,0,0,0,0,0,0,0,0,0,0,0,0,0,0,0,2,0,0,0,0,0,0,0,0,0,0,0,0,1,0,1,1,0,0,0,1,0,1,0,0,1,0,0,0
DMA,Dominica,High,0.74,7,0,0,0,0,0,0,0,0,0,0,0,0,0,0,0,0,0,0,0,0,0,0,0,0,0,0,0,0,0,0,0,0,0,0,0,0,0,0,0,0,0,0,0,0,0,0,0,0,0,0,0,0,0,0,0,0,0,0,0,0,0,0,0,0,0,0,0,0,0,0,0,0,0,0,0,0,1,0,0,0,0,0,0,0,0,1,0,0,1,0,0,0,0,0,0,0,0,0,0,1,0,0,1,1,0,1
DOM,Dominican Republic,High,0.766,29,0,0,0,0,0,0,0,0,0,0,0,0,0,0,0,0,0,0,0,0,0,0,0,0,0,0,0,0,0,0,0,0,0,0,0,0,0,0,0,0,0,0,0,0,0,0,0,0,0,0,0,0,0,0,0,0,0,0,0,0,0,0,0,0,0,2,0,0,0,0,0,0,2,1,0,1,0,0,0,0,0,0,0,1,0,0,0,0,1,1,0,0,1,2,1,3,1,1,0,3,2,1,1,2,0,2
ECU,Ecuador,High,0.765,120,0,0,0,0,0,0,0,0,0,0,0,0,0,0,0,0,0,0,0,0,0,0,0,0,0,0,0,0,0,0,0,0,0,0,0,0,0,0,0,0,0,0,0,0,0,0,0,0,0,0,0,0,0,0,0,0,0,0,0,0,0,0,0,0,0,0,0,0,0,0,0,0,0,0,1,0,0,0,2,1,0,0,0,1,0,0,0,0,1,0,1,2,0,0,2,3,3,5,3,8,10,8,10,14,22,23
EGY,Egypt,High,0.728,4862,0,1,0,0,0,1,2,0,0,0,0,0,0,0,0,2,0,0,0,0,0,0,0,1,0,0,0,0,0,0,0,0,0,0,0,0,1,0,1,0,0,0,1,0,0,1,2,0,0,0,0,0,3,1,10,5,8,5,6,4,1,2,1,4,1,1,11,4,3,2,6,7,7,6,9,14,18,16,19,20,16,18,23,68,72,62,74,95,71,88,88,118,147,169,148,133,162,180,161,159,259,395,493,484,462,510
SLV,El Salvador,Medium,0.674,16,0,0,0,0,0,0,0,0,0,0,0,0,0,0,0,0,0,0,0,0,0,0,0,0,0,0,0,0,0,0,0,0,0,0,0,0,0,0,0,0,0,0,0,0,0,0,0,0,0,0,0,0,0,0,0,0,0,1,0,0,0,0,0,0,0,0,0,0,0,0,0,0,0,0,0,0,1,0,0,0,0,0,0,1,0,0,1,0,0,1,0,0,1,1,0,0,1,0,0,0,3,2,0,1,1,1
GNQ,Equatorial Guinea,Medium,0.65,2,0,0,0,0,0,0,0,0,0,0,0,0,0,0,0,0,0,0,0,0,0,0,0,0,0,0,0,0,0,0,0,0,0,0,0,0,0,0,0,0,0,0,0,0,0,0,0,0,0,0,0,0,0,0,0,0,0,0,0,0,0,0,0,0,0,0,0,0,0,0,0,0,0,0,0,0,0,0,0,0,0,0,0,0,0,0,0,0,0,0,0,0,0,0,0,1,0,0,0,0,0,1,0,0,0,0
ERI,Eritrea,Low,0.493,9,0,0,0,0,0,0,0,0,0,0,0,0,0,0,0,0,0,0,0,0,0,0,0,0,0,0,0,0,0,0,0,0,0,0,0,0,0,0,0,0,0,0,0,0,0,0,0,0,0,0,0,0,0,0,0,0,0,0,0,0,0,0,0,0,0,0,0,0,0,0,0,0,0,0,0,0,0,0,0,0,0,0,0,0,0,0,0,0,0,0,0,0,0,0,0,0,2,1,0,1,2,0,0,1,1,1
EST,Estonia,Very High,0.899,94,0,0,0,0,0,0,0,0,0,0,0,0,0,0,0,0,0,0,0,0,0,0,0,0,0,0,0,0,0,0,0,0,0,0,0,0,0,0,0,0,0,0,0,0,0,0,0,0,0,0,0,0,0,0,0,0,0,0,1,0,0,0,0,1,0,0,0,1,0,0,0,1,0,1,0,0,0,3,1,1,0,0,0,3,2,2,4,3,2,0,5,2,5,3,5,1,4,2,2,6,5,5,7,4,4,8
ETH,Ethiopia,Low,0.492,732,0,0,0,0,0,0,0,0,0,0,0,0,0,0,0,0,0,0,0,0,0,0,0,0,0,0,0,0,0,0,0,0,0,0,0,0,0,0,0,0,0,0,0,0,0,0,0,0,0,0,0,1,0,0,0,1,0,0,0,1,0,0,0,0,0,0,0,0,0,2,2,1,0,1,1,2,1,0,0,0,2,1,2,0,1,0,2,1,0,1,2,1,3,5,9,6,7,21,25,34,83,93,131,81,102,106
FJI,Fiji,High,0.729,26,0,0,0,0,0,0,0,0,0,0,0,0,0,0,0,0,0,0,0,0,0,0,0,0,0,0,0,0,0,0,0,0,0,0,0,0,0,0,0,0,0,0,0,0,0,0,0,0,0,0,1,0,0,0,0,1,0,0,0,0,0,0,0,0,0,0,0,0,0,0,2,0,0,0,0,0,1,0,0,0,0,1,0,1,0,0,1,0,1,0,0,0,1,0,0,0,1,2,1,1,1,2,1,2,2,3
FIN,Finland,Very High,0.942,3939,0,0,0,0,0,0,0,0,0,0,0,0,0,0,0,0,0,0,0,0,0,0,0,0,0,0,0,0,0,1,0,0,0,0,1,0,2,0,1,3,1,3,2,3,7,4,9,6,6,9,6,11,11,32,45,26,39,58,49,44,48,60,60,54,73,48,56,62,72,67,77,69,94,116,75,121,95,94,85,70,91,55,78,65,82,105,110,81,91,83,70,71,73,71,61,65,61,73,71,71,66,93,97,88,92,100
FRA,France,Very High,0.91,23673,0,0,0,1,0,0,0,0,1,1,0,0,1,2,0,1,0,2,0,0,0,0,0,1,0,1,1,0,0,1,1,0,3,0,1,1,1,1,1,3,3,0,0,5,2,5,5,8,5,8,7,7,10,173,235,182,262,256,224,219,230,246,217,207,245,264,248,277,268,375,281,346,301,294,406,371,362,394,463,383,421,409,434,415,505,529,558,577,564,548,562,538,673,636,579,514,534,596,598,657,675,845,834,833,846,974
GAB,Gabon,Medium,0.693,18,0,0,0,0,0,0,0,0,0,0,0,0,0,0,0,0,0,0,0,0,0,0,0,0,0,0,0,0,0,0,0,0,0,0,0,0,0,0,0,0,0,0,0,0,0,0,0,0,0,0,0,0,0,0,0,0,0,0,0,0,0,0,0,0,0,0,0,0,0,0,0,0,1,0,0,0,0,0,1,2,2,0,0,1,1,0,0,0,0,1,0,0,1,0,0,0,0,0,0,0,0,1,1,3,1,2
GMB,Gambia,Low,0.495,21,0,0,0,0,0,0,0,0,0,0,0,0,0,0,0,0,0,0,0,0,0,0,0,0,0,0,0,0,0,0,0,0,0,0,0,0,0,0,0,0,0,0,0,0,0,0,0,0,0,0,0,0,0,0,0,0,0,0,0,0,0,1,0,0,0,0,0,0,0,0,0,0,0,0,1,1,0,0,0,0,0,0,0,0,0,0,0,0,0,2,1,1,0,0,0,0,0,0,2,1,0,1,2,1,3,4
GEO,Georgia,Very High,0.814,171,0,0,0,0,0,0,0,0,0,0,1,0,0,0,0,0,0,0,0,0,1,0,0,0,0,0,0,0,0,0,0,0,0,0,0,0,0,0,0,1,0,0,0,0,0,0,1,1,0,1,0,0,0,0,2,1,1,1,1,1,0,1,2,0,0,1,1,0,1,1,1,2,1,1,1,0,0,1,1,0,0,1,0,1,1,3,2,2,3,5,2,2,3,3,3,5,8,10,5,9,11,10,10,15,12,17
DEU,Germany,Very High,0.95,32599,0,0,0,1,0,2,1,0,2,3,0,0,2,1,2,2,0,0,1,1,0,0,0,1,0,0,0,1,1,3,12,16,15,14,22,20,15,14,19,8,10,18,12,7,17,21,28,31,56,37,27,26,39,214,309,251,217,275,294,272,303,293,314,264,241,337,268,269,307,319,410,399,388,410,469,444,561,681,601,597,720,742,725,752,811,876,840,767,909,750,778,812,725,764,750,746,740,806,748,786,924,1111,1248,1079,1208,1267
GHA,Ghana,Medium,0.602,226,0,0,0,0,0,0,0,0,0,0,0,0,0,0,0,0,0,0,0,0,0,0,0,0,0,0,0,0,0,0,0,0,0,0,0,0,0,0,0,0,0,0,0,0,0,0,0,0,0,1,0,0,2,3,0,1,1,1,2,1,1,0,1,0,0,0,0,0,0,0,1,0,1,3,0,1,1,3,1,1,0,1,0,2,2,3,5,1,4,3,4,2,4,4,3,12,9,7,5,7,22,16,20,22,20,22
,Gibraltar,,,1,0,0,0,0,0,0,0,0,0,0,0,0,0,0,0,0,0,0,0,0,0,0,0,0,0,0,0,0,0,0,0,0,0,0,0,0,0,0,0,0,0,0,0,0,0,0,0,0,0,0,0,0,0,0,0,0,0,0,0,0,0,0,0,0,0,0,0,0,0,0,0,0,0,0,0,0,0,0,0,0,0,0,0,0,0,0,1,0,0,0,0,0,0,0,0,0,0,0,0,0,0,0,0,0,0,0
GRC,Greece,Very High,0.893,3058,0,0,0,0,0,0,0,0,0,0,0,0,0,0,0,0,0,0,0,0,0,0,0,0,0,0,0,0,0,0,0,0,0,1,0,0,0,0,0,1,0,0,1,0,0,0,1,1,1,2,0,0,1,1,2,2,2,4,8,6,7,4,7,5,4,7,5,4,7,10,7,6,14,9,20,19,27,34,25,41,33,32,42,45,54,86,103,114,111,116,109,121,83,104,90,92,95,94,108,110,123,202,172,163,172,188
GRD,Grenada,High,0.793,81,0,0,0,0,0,0,0,0,0,0,0,0,0,0,0,0,0,0,0,0,0,0,0,0,0,0,0,0,0,0,0,0,0,0,0,0,0,0,0,0,0,0,0,0,0,0,0,0,0,0,0,0,0,0,0,0,0,0,0,0,0,0,0,0,0,0,0,0,0,1,0,0,0,0,0,0,0,0,0,0,0,0,0,0,1,2,1,1,0,1,2,3,1,3,3,2,3,4,4,0,9,14,5,7,7,7
GTM,Guatemala,Medium,0.629,38,0,0,0,0,0,0,0,0,0,0,0,0,0,0,0,0,0,0,0,0,0,0,0,0,0,0,0,0,0,0,0,0,0,0,0,0,0,0,0,0,1,0,0,0,0,0,0,0,0,0,0,0,0,1,1,0,1,0,0,0,0,0,0,0,0,0,0,0,0,1,0,0,0,0,2,0,0,0,0,1,0,0,0,0,0,0,0,1,0,1,0,0,1,0,0,2,2,0,1,1,1,5,2,4,6,3
GIN,Guinea,Low,0.471,63,0,0,0,0,0,0,0,0,0,0,0,0,0,0,0,0,0,0,0,0,0,0,0,0,0,0,0,0,0,0,0,0,0,0,0,0,0,0,0,0,0,0,0,0,0,0,0,0,0,0,0,0,0,0,2,0,0,1,0,0,1,0,0,0,1,1,0,0,0,1,2,2,0,2,3,0,2,1,0,4,0,1,1,1,0,1,1,0,2,1,0,0,0,1,2,2,1,1,1,3,7,3,5,1,3,2
GNB,Guinea-Bissau,Low,0.483,4,0,0,0,0,0,0,0,0,0,0,0,0,0,0,0,0,0,0,0,0,0,0,0,0,0,0,0,0,0,0,0,0,0,0,0,0,0,0,0,0,0,0,0,0,0,0,0,0,0,0,0,0,0,0,0,0,0,0,0,0,0,0,0,0,0,0,0,0,0,0,0,0,0,0,0,0,0,0,0,0,0,0,0,0,0,0,0,0,0,0,0,0,0,0,0,0,0,0,0,1,2,0,1,0,0,0
GUY,Guyana,High,0.742,14,0,0,0,0,0,0,0,0,0,0,0,0,0,0,0,0,0,0,0,0,0,0,0,0,0,0,0,0,0,0,0,0,0,0,0,0,0,0,0,0,0,0,0,0,0,0,0,0,0,0,0,0,0,0,0,1,0,0,0,0,0,0,0,0,0,0,0,0,0,0,0,0,0,0,0,0,0,0,0,0,0,1,0,0,0,0,0,0,0,0,1,0,0,0,0,2,0,1,2,0,1,1,2,1,1,0
HTI,Haiti,Medium,0.552,26,0,0,0,0,0,0,0,0,0,0,0,0,0,0,0,0,0,0,0,0,0,0,0,0,0,0,0,0,0,0,0,0,0,0,0,0,0,0,0,0,0,0,0,0,0,0,0,0,0,0,0,0,0,0,0,0,0,0,0,0,0,0,0,0,0,0,0,0,0,0,0,0,0,0,0,0,0,0,0,0,0,0,0,0,0,0,0,0,0,0,0,1,0,0,0,5,4,1,1,1,3,1,2,3,1,3
HND,Honduras,Medium,0.624,28,0,0,0,0,0,0,0,0,0,0,0,0,0,0,0,0,0,0,0,0,0,0,0,0,0,0,0,0,0,0,0,0,0,0,0,0,0,0,0,0,0,0,0,0,0,0,0,0,0,0,0,0,0,0,0,0,0,0,0,0,0,0,0,0,0,0,0,0,0,0,0,0,0,0,0,0,0,1,0,0,0,0,0,0,0,0,0,0,0,0,1,0,0,0,0,0,0,0,2,3,1,1,3,4,9,3
,Hong Kong,,,2220,0,0,0,0,0,0,0,0,0,0,0,0,0,0,0,0,0,0,0,0,0,0,0,0,0,0,0,0,0,0,0,0,0,0,0,0,0,0,0,0,0,0,0,0,0,0,0,0,0,0,1,0,1,4,5,2,3,3,1,1,3,6,6,4,6,1,11,14,13,11,35,24,18,33,30,37,46,37,32,46,43,50,69,53,59,58,69,52,45,43,59,50,49,47,46,67,58,67,82,78,98,112,117,115,82,118
HKG,Hong Kong S.A.R.,Very High,0.956,0,0,0,0,0,0,0,0,0,0,0,0,0,0,0,0,0,0,0,0,0,0,0,0,0,0,0,0,0,0,0,0,0,0,0,0,0,0,0,0,0,0,0,0,0,0,0,0,0,0,0,0,0,0,0,0,0,0,0,0,0,0,0,0,0,0,0,0,0,0,0,0,0,0,0,0,0,0,0,0,0,0,0,0,0,0,0,0,0,0,0,0,0,0,0,0,0,0,0,0,0,0,0,0,0,0,0
HUN,Hungary,Very High,0.851,1708,0,0,0,0,0,0,0,0,0,0,0,0,1,0,0,0,0,1,0,1,2,1,0,0,0,0,0,2,3,3,1,0,2,2,1,0,1,1,0,0,1,1,1,0,3,2,3,2,3,2,2,4,6,35,32,23,27,30,20,13,37,12,15,17,8,13,13,6,17,19,21,14,19,15,10,16,14,34,28,26,22,31,28,44,38,27,35,36,34,39,43,38,33,36,37,33,33,42,43,53,53,65,59,64,72,84
ISL,Iceland,Very High,0.959,162,0,0,0,0,0,0,0,0,0,0,0,0,0,0,0,0,0,0,0,0,0,0,0,0,0,0,0,0,0,0,0,0,0,0,0,0,0,0,0,0,0,0,0,0,0,0,0,0,0,0,1,0,0,1,0,1,0,0,0,0,1,1,0,0,2,1,0,0,0,0,0,0,1,2,2,2,2,2,1,3,1,0,4,4,6,1,0,1,5,4,5,4,6,6,2,3,6,4,5,7,7,5,11,9,13,20
IND,India,Medium,0.644,23457,0,0,0,0,1,0,0,0,0,0,0,0,0,0,1,0,0,0,0,0,0,0,0,0,0,0,0,0,0,0,0,0,1,1,0,2,2,0,1,3,0,2,3,1,4,0,5,10,3,11,7,1,15,47,38,26,33,43,39,44,40,30,26,25,23,22,23,29,23,24,31,46,57,65,61,58,82,116,125,141,89,134,231,245,279,323,338,393,344,465,593,732,784,886,967,1077,1030,1009,977,1098,1339,1626,1560,1802,1876,1869
IDN,Indonesia,High,0.713,1132,0,0,0,0,0,0,0,0,0,0,0,0,0,0,0,0,0,0,0,0,0,0,0,0,0,0,0,1,0,0,0,0,1,0,0,0,0,0,0,0,0,0,0,0,0,0,0,1,0,0,0,1,0,0,1,1,1,1,0,0,1,0,0,0,2,0,0,0,0,0,0,2,0,0,2,1,1,1,0,1,0,1,3,3,2,2,0,4,4,4,5,2,5,5,5,11,12,31,40,83,83,163,133,147,181,184
IRN,Iran,High,0.78,6431,0,0,0,0,0,0,0,0,0,0,0,0,0,0,0,0,0,0,0,0,0,0,0,0,0,0,0,0,0,0,0,0,0,0,0,0,0,0,0,0,0,0,0,0,0,1,0,0,0,0,1,0,0,4,3,4,7,6,6,4,5,1,0,1,0,0,0,1,1,0,0,3,0,1,1,1,2,2,6,2,5,9,19,29,27,40,78,139,121,160,139,250,263,302,309,250,271,289,325,306,371,460,560,544,526,576
IRQ,Iraq,Medium,0.673,819,0,0,0,0,0,0,0,0,0,0,0,0,0,0,0,0,0,1,0,0,0,0,0,0,0,0,0,0,0,0,1,1,0,0,1,1,0,1,0,1,0,0,0,0,0,0,0,0,0,0,0,0,0,2,0,1,1,1,1,0,1,1,0,0,0,0,5,0,0,0,0,0,1,4,2,0,0,1,0,0,0,2,1,1,0,2,4,3,3,7,8,8,8,9,8,9,9,16,25,58,96,67,104,90,134,119
IRL,Ireland,Very High,0.95,2986,0,0,0,0,0,0,0,0,0,1,0,0,0,0,1,0,1,0,0,1,0,0,0,0,1,0,0,0,0,1,0,0,1,0,1,0,3,0,2,0,3,0,2,5,2,3,1,3,1,2,5,1,2,6,6,6,6,6,4,2,8,10,12,8,12,13,17,19,23,21,16,20,19,26,30,28,34,31,44,37,43,52,53,56,57,57,58,80,76,77,91,92,75,90,87,79,90,95,112,90,142,181,155,144,180,167
ISR,Israel,Very High,0.915,4481,0,0,0,0,0,0,0,0,0,0,0,0,0,0,0,0,0,0,0,0,0,0,0,1,0,0,0,0,0,0,0,0,2,0,2,0,1,0,3,4,0,1,4,3,6,2,9,4,6,2,5,1,8,13,13,21,26,25,26,20,43,22,44,28,28,41,40,33,35,31,57,42,54,46,79,72,71,81,59,73,88,88,114,100,124,122,129,102,127,76,78,94,126,87,91,86,98,114,116,106,140,181,216,194,239,258
ITA,Italy,Very High,0.906,21121,0,0,0,0,0,0,0,0,0,0,0,0,0,1,0,0,0,0,1,1,1,0,0,0,0,0,1,0,1,0,0,0,2,3,0,1,1,1,1,3,0,5,4,0,6,1,9,5,1,5,3,6,38,151,169,162,161,151,188,183,249,217,231,184,134,150,181,135,143,157,205,183,163,184,190,193,245,311,292,285,287,325,306,316,339,417,360,426,438,404,466,410,496,478,501,491,565,578,627,686,1017,1113,1150,1102,1244,1281
CIV,Ivory Coast,Low,0.534,0,0,0,0,0,0,0,0,0,0,0,0,0,0,0,0,0,0,0,0,0,0,0,0,0,0,0,0,0,0,0,0,0,0,0,0,0,0,0,0,0,0,0,0,0,0,0,0,0,0,0,0,0,0,0,0,0,0,0,0,0,0,0,0,0,0,0,0,0,0,0,0,0,0,0,0,0,0,0,0,0,0,0,0,0,0,0,0,0,0,0,0,0,0,0,0,0,0,0,0,0,0,0,0,0,0,0
JAM,Jamaica,High,0.706,101,0,0,0,0,0,0,0,0,0,0,0,0,0,0,0,0,0,0,0,0,0,0,0,0,0,0,0,0,0,0,0,0,0,1,0,0,1,0,1,0,0,0,0,1,0,1,0,0,0,0,4,0,1,0,1,0,0,1,2,3,4,0,2,0,0,4,0,3,4,1,2,1,1,0,1,0,1,0,2,0,2,3,2,1,4,5,1,1,3,2,1,2,5,0,9,2,1,1,0,4,1,1,3,4,0,0
JPN,Japan,Very High,0.92,37602,0,0,0,1,1,1,2,2,0,2,0,0,0,1,2,3,1,2,0,2,0,1,0,0,1,0,0,0,0,3,0,6,0,8,6,6,5,8,7,16,17,14,11,26,35,28,28,37,33,40,27,73,65,297,258,229,255,292,289,250,289,277,274,272,349,332,302,333,407,423,503,535,584,752,840,773,635,766,817,790,779,772,809,811,803,902,776,729,774,847,857,832,857,826,908,914,976,781,1032,899,985,1365,1512,1412,1376,1424
JOR,Jordan,High,0.736,544,0,0,0,0,0,0,0,0,0,0,0,0,0,0,0,0,0,0,0,0,0,0,0,0,0,0,0,0,0,0,0,0,0,0,0,0,0,0,0,0,0,0,0,0,0,0,0,0,0,0,0,0,1,0,0,0,0,1,0,1,0,0,0,0,0,0,3,0,0,0,1,5,1,0,1,1,0,2,1,2,7,7,1,8,7,4,9,10,13,16,19,20,9,10,11,4,16,15,20,15,34,36,45,58,64,66
KAZ,Kazakhstan,Very High,0.802,179,0,0,0,0,0,0,0,0,0,0,0,0,0,0,0,0,0,0,0,0,0,0,0,0,0,0,0,0,0,0,0,0,0,0,0,0,0,0,0,0,0,0,0,0,0,0,0,0,0,0,0,0,0,0,0,0,0,2,0,0,1,0,0,1,0,0,0,0,0,2,0,0,0,1,0,0,0,0,0,0,0,0,0,0,0,0,0,1,0,0,2,1,1,0,0,2,2,4,7,7,12,19,27,28,28,31
KEN,Kenya,Medium,0.601,293,0,0,0,0,0,0,0,0,0,0,0,0,0,0,0,0,0,0,0,0,0,0,0,0,0,0,0,1,0,0,0,0,0,0,1,0,1,0,0,0,0,0,0,2,0,0,0,0,0,0,1,0,1,1,3,1,3,1,3,2,1,0,2,2,1,1,1,1,0,0,1,2,1,6,1,4,1,3,2,2,3,1,4,3,2,0,0,2,2,3,6,8,6,8,10,10,9,14,7,15,19,15,20,20,28,25
KIR,Kiribati,Medium,0.628,23,0,0,0,0,0,0,0,0,0,0,0,0,0,0,0,0,0,0,2,2,1,0,0,0,0,0,0,0,0,0,0,0,0,0,0,0,0,0,0,1,1,1,0,0,0,0,0,0,0,0,0,0,1,2,1,0,2,3,0,0,0,0,0,0,0,0,1,1,0,0,1,2,0,0,1,0,0,0,0,0,0,0,0,0,0,0,0,0,0,0,0,0,0,0,0,0,0,0,0,0,0,0,0,0,0,0
KWT,Kuwait,Very High,0.847,248,0,0,0,0,0,0,0,0,0,0,0,0,0,0,0,0,0,0,0,0,0,0,0,0,0,0,0,0,0,0,0,0,0,0,0,0,0,0,0,0,0,0,0,0,0,0,0,0,0,0,0,0,0,0,1,0,1,1,0,0,0,1,0,1,0,1,2,1,1,6,2,2,0,3,3,0,2,3,2,0,2,5,8,6,4,6,5,4,7,5,7,8,10,7,3,5,7,9,2,6,10,12,14,14,27,22
KGZ,Kyrgyzstan,High,0.701,31,0,0,0,0,0,0,0,0,0,0,0,0,0,0,0,0,0,0,0,0,0,0,0,0,0,0,0,0,0,0,0,0,0,0,0,0,0,0,0,0,0,0,0,0,0,0,0,0,0,0,0,0,0,0,0,0,0,0,0,0,0,0,0,0,0,0,0,0,0,0,0,0,0,0,0,0,0,0,0,0,0,0,0,0,0,0,0,0,0,0,0,0,1,1,0,0,1,0,0,1,3,4,3,2,3,12
LAO,Laos,Medium,0.62,14,0,0,0,0,0,0,0,0,0,0,0,0,0,0,0,0,0,0,0,0,0,0,0,0,0,0,0,0,0,0,0,0,0,0,0,0,0,0,0,0,0,0,0,0,0,0,0,0,0,0,0,0,0,0,0,0,0,0,0,0,0,0,0,0,0,0,0,0,0,0,0,0,0,0,0,0,0,0,0,0,0,0,0,0,0,0,0,0,0,0,2,0,0,0,0,0,0,1,1,0,0,1,1,2,2,4
LVA,Latvia,Very High,0.879,140,0,0,0,0,0,0,0,0,0,0,0,0,0,0,0,0,0,0,0,0,0,0,0,0,0,0,0,0,0,0,0,0,0,0,0,0,0,0,0,0,0,0,0,0,0,0,0,0,0,0,0,0,0,0,0,0,1,4,2,2,0,0,0,0,0,0,1,0,0,0,0,0,0,1,0,1,0,0,1,1,0,2,4,1,3,2,0,7,2,1,4,2,2,4,6,2,3,7,0,6,11,10,12,12,12,11
LBN,Lebanon,High,0.723,989,0,0,0,0,0,0,0,0,0,0,0,0,0,0,0,0,0,0,0,0,0,0,0,0,0,0,0,0,0,0,0,0,1,0,0,0,0,0,0,0,0,0,0,0,0,0,0,0,0,2,2,1,0,1,5,4,4,2,1,1,3,2,2,1,0,4,4,4,4,1,1,4,6,12,11,7,8,10,7,14,14,17,26,21,30,40,26,23,35,28,19,26,18,86,22,23,18,25,28,39,44,45,46,47,64,50
LSO,Lesotho,Low,0.521,1,0,0,0,0,0,0,0,0,0,0,0,0,0,0,0,0,0,0,0,0,0,0,0,0,0,0,0,0,0,0,0,0,0,0,0,0,0,0,0,0,0,0,0,0,0,0,0,0,0,0,0,0,0,0,0,0,0,0,0,0,0,0,0,0,0,0,0,0,0,0,0,0,0,0,0,0,0,0,0,0,0,0,0,0,0,0,0,0,0,0,0,0,0,0,0,0,0,0,0,0,0,0,1,0,0,0
LBR,Liberia,Low,0.487,20,0,0,0,0,,0,0,0,0,0,0,0,0,0,0,0,0,0,0,0,0,0,0,0,0,0,0,0,0,0,0,0,0,0,0,0,0,0,0,0,0,0,0,0,0,0,0,0,0,0,0,0,0,0,0,0,0,0,0,0,0,0,0,0,0,0,0,0,0,0,0,0,0,0,0,0,0,0,0,0,0,0,0,0,0,0,0,0,0,0,0,2,0,1,0,1,0,1,0,0,2,1,0,2,2,8
LBY,Libya,High,0.746,43,0,0,0,0,0,0,0,0,0,0,0,0,0,0,0,0,0,0,0,0,0,0,0,0,0,0,0,0,0,0,0,0,0,0,0,0,0,0,0,0,0,0,0,0,0,0,0,0,0,0,0,0,0,0,0,0,0,0,0,0,0,0,0,0,0,0,0,0,0,0,0,0,0,0,0,0,0,1,0,0,0,0,0,0,0,0,0,1,1,0,0,1,1,0,0,0,0,0,2,1,6,5,3,6,9,6
LIE,Liechtenstein,Very High,0.942,7,0,0,0,0,0,0,0,0,0,0,0,0,0,0,0,0,0,0,0,0,0,0,0,0,0,0,0,0,0,0,0,0,0,0,0,0,0,0,0,0,0,0,0,0,0,0,0,0,0,0,0,0,0,0,0,0,0,0,0,0,0,0,0,0,0,0,0,0,0,0,0,0,0,0,0,0,0,0,0,0,0,0,0,0,0,0,0,0,0,0,0,0,0,0,0,0,0,0,0,0,0,1,0,1,3,2
LTU,Lithuania,Very High,0.879,282,0,0,0,0,0,0,0,0,0,0,0,0,0,0,0,0,0,0,0,0,0,0,0,0,0,0,0,0,0,0,0,0,0,0,0,0,0,0,0,0,0,0,0,0,0,0,0,0,0,0,0,0,0,0,0,0,0,0,0,0,0,0,1,0,0,0,0,0,0,0,0,0,0,0,0,1,0,1,1,1,0,0,17,7,12,5,4,3,2,5,7,3,7,9,8,8,7,12,15,12,24,20,21,23,20,26
LUX,Luxembourg,Very High,0.927,88,0,0,0,0,0,0,0,0,0,0,0,0,0,0,0,0,0,0,0,0,0,0,0,0,0,0,0,0,0,0,0,0,0,0,0,0,0,0,0,0,0,0,0,0,0,0,0,0,0,0,0,0,0,0,0,0,0,1,0,1,1,3,0,0,0,0,0,0,0,0,1,0,0,1,0,0,0,1,0,0,0,0,1,0,0,1,0,0,5,4,6,3,0,2,1,4,3,2,5,0,6,4,10,8,7,7
,Macao,,,40,0,0,0,0,0,0,0,0,0,0,0,0,0,0,0,0,0,0,0,0,0,0,0,0,0,0,0,0,0,0,0,0,0,0,0,0,0,0,0,0,0,0,0,0,0,0,0,0,0,0,0,0,0,0,0,0,0,0,0,0,0,0,0,0,0,0,0,0,0,0,0,0,0,0,0,0,0,0,0,0,0,0,0,0,0,0,0,0,0,0,1,1,1,1,1,1,0,0,4,0,0,2,3,3,4,18
MDG,Madagascar,Low,0.487,38,0,0,0,0,0,0,0,0,0,0,0,0,0,0,0,0,0,0,0,0,0,0,0,0,0,0,0,0,0,0,0,0,0,0,0,0,0,0,0,0,0,0,0,0,0,0,0,0,0,0,0,0,1,0,0,0,0,0,0,0,0,0,0,0,0,0,0,0,0,0,0,0,0,0,1,0,0,0,0,0,2,1,0,0,2,1,0,0,0,1,0,0,0,0,2,3,2,4,3,3,3,1,0,5,2,1
MWI,Malawi,Low,0.508,104,0,0,0,0,0,0,0,0,0,0,0,0,0,0,0,0,0,0,0,0,0,0,0,0,0,0,0,0,0,0,0,0,0,0,0,0,0,0,0,0,0,0,0,0,0,0,0,0,0,0,0,0,0,0,0,0,0,0,0,0,0,0,0,0,0,0,0,1,0,1,1,1,0,1,1,0,2,0,0,1,2,1,0,2,0,1,1,0,3,1,1,3,4,4,4,6,5,3,4,7,5,8,10,7,8,5
MYS,Malaysia,Very High,0.807,1414,0,0,0,0,0,0,0,0,0,0,0,0,0,0,0,0,0,0,0,0,0,0,0,0,0,0,0,0,0,0,0,0,0,0,0,0,0,1,0,0,1,0,0,0,0,1,0,0,0,2,0,2,3,9,9,5,3,2,3,2,4,1,2,1,3,1,0,1,1,3,9,4,5,8,7,9,9,6,9,14,12,9,7,11,13,11,24,19,20,16,23,23,35,38,39,43,47,53,74,63,99,135,122,102,128,108
MDV,Maldives,High,0.762,8,0,0,0,0,0,0,0,0,0,0,0,0,0,0,0,0,0,0,0,0,0,0,0,0,0,0,0,0,0,0,0,0,0,0,0,0,0,0,0,0,0,0,0,0,0,0,0,0,0,0,0,0,0,0,0,0,0,0,0,0,0,0,0,0,0,0,0,0,0,0,0,0,0,0,0,0,1,0,0,0,0,0,0,0,0,0,0,0,0,0,0,0,0,1,0,0,0,0,0,0,0,1,3,1,1,0
MLI,Mali,Low,0.41,37,0,0,0,0,0,0,0,0,0,0,0,0,0,0,0,0,0,0,0,0,0,0,0,0,0,0,0,0,0,0,0,0,0,0,0,0,0,0,0,0,0,0,0,0,0,0,0,0,0,0,0,0,0,0,0,0,0,0,0,1,0,0,0,0,0,0,0,0,0,0,0,0,0,0,1,0,0,0,0,2,0,0,2,0,0,0,1,0,0,3,0,1,1,1,1,0,1,0,3,4,2,3,2,1,4,3
MLT,Malta,Very High,0.915,97,0,0,0,0,0,0,0,0,0,1,0,0,0,0,0,0,0,0,0,0,0,0,0,0,0,0,0,0,0,0,0,0,0,0,0,0,0,0,0,0,0,0,0,0,0,0,0,0,0,0,0,0,0,0,0,0,0,0,0,0,0,0,2,0,1,0,0,0,0,0,0,0,0,0,0,0,0,0,0,1,0,0,1,0,1,0,0,0,1,1,1,3,1,2,1,5,4,4,7,4,13,10,5,9,8,11
MHL,Marshall Islands,High,0.731,0,0,0,0,0,0,0,0,0,0,0,0,0,0,0,0,0,0,0,0,0,0,0,0,0,0,0,0,0,0,0,0,0,0,0,0,0,0,0,0,0,0,0,0,0,0,0,0,0,0,0,0,0,0,0,0,0,0,0,0,0,0,0,0,0,0,0,0,0,0,0,0,0,0,0,0,0,0,0,0,0,0,0,0,0,0,0,0,0,0,0,0,0,0,0,0,0,0,0,0,0,0,0,0,0,0,0
MRT,Mauritania,Low,0.54,5,0,0,0,0,0,0,0,0,0,0,0,0,0,0,0,0,0,0,0,0,0,0,0,0,0,0,0,0,0,0,0,0,0,0,0,0,0,0,0,0,0,0,0,0,0,0,0,0,0,0,0,0,0,0,0,0,0,0,0,0,0,0,0,0,0,0,0,0,0,0,0,0,0,0,0,0,0,0,0,0,0,0,0,0,0,0,0,0,0,0,0,0,1,0,0,0,0,0,1,1,2,0,0,0,0,0
MUS,Mauritius,High,0.796,12,0,0,0,0,0,0,0,0,0,0,0,0,0,0,0,0,0,0,0,0,0,0,0,0,0,0,0,0,0,0,0,0,0,0,0,0,0,0,0,0,0,0,0,0,0,0,0,0,0,0,0,0,0,0,0,0,1,0,0,0,0,0,0,0,0,0,0,0,0,0,0,0,0,0,0,0,0,0,0,0,0,0,0,1,0,0,0,0,0,0,0,0,0,0,0,0,0,0,1,2,2,0,2,1,2,0
MEX,Mexico,High,0.781,2677,0,0,0,0,0,0,0,0,0,0,0,0,0,1,0,0,0,0,1,1,0,0,0,1,0,0,0,0,0,0,0,0,0,1,1,0,0,0,0,1,0,0,0,1,1,1,1,2,2,0,2,1,3,13,10,10,4,12,8,14,5,4,10,5,23,23,15,18,13,15,21,23,29,24,22,28,19,60,40,58,34,28,34,47,59,76,98,69,65,86,75,53,71,99,77,95,81,54,89,112,105,117,118,117,135,136
FSM,Micronesia,Medium,0.634,0,0,0,0,0,0,0,0,0,0,0,0,0,0,0,0,0,0,0,0,0,0,0,0,0,0,0,0,0,0,0,0,0,0,0,0,0,0,0,0,0,0,0,0,0,0,0,0,0,0,0,0,0,0,0,0,0,0,0,0,0,0,0,0,0,0,0,0,0,0,0,0,0,0,0,0,0,0,0,0,0,0,0,0,0,0,0,0,0,0,0,0,0,0,0,0,0,0,0,0,0,0,0,0,0,0,0
MDA,Moldova,High,0.763,41,0,0,0,0,0,0,0,0,0,0,0,0,0,0,0,0,0,0,0,0,0,0,0,0,0,0,0,0,0,0,0,0,0,0,0,0,0,0,0,0,0,0,0,0,0,0,0,0,0,0,0,0,0,0,0,0,0,0,0,0,0,0,0,0,0,0,0,0,0,0,0,0,0,1,0,0,0,0,0,0,0,0,0,0,0,0,0,0,0,1,1,0,2,0,3,0,4,2,1,1,1,2,3,3,11,5
MCO,Monaco,,,54,0,0,0,0,0,0,0,0,0,0,0,0,0,0,0,0,0,0,0,0,0,0,0,0,0,0,0,0,0,0,0,0,0,0,0,0,0,0,0,0,0,0,0,0,0,0,0,0,0,0,0,0,0,1,0,0,0,0,0,0,0,0,0,0,0,0,0,0,0,0,0,0,0,0,0,0,0,0,0,0,0,0,0,1,1,3,1,1,0,0,2,0,0,4,2,5,2,2,3,7,1,1,5,7,2,3
MNG,Mongolia,High,0.741,35,0,0,0,0,0,0,0,0,0,0,0,0,0,0,0,0,0,0,0,0,0,0,0,0,0,0,0,0,0,0,0,0,0,0,0,0,0,0,0,0,0,0,0,0,0,0,0,0,0,0,0,0,0,0,0,0,0,0,0,0,0,0,0,0,0,0,0,0,0,0,0,0,0,0,0,0,0,0,0,0,0,0,0,0,0,1,1,0,0,0,4,1,1,1,0,2,3,2,2,3,0,1,5,2,2,4
MNE,Montenegro,Very High,0.844,32,0,0,0,0,0,0,0,0,0,0,0,0,0,0,0,0,0,0,0,0,0,0,0,0,0,0,0,0,0,0,0,0,0,0,0,0,0,0,0,0,0,0,0,0,0,0,0,0,0,0,0,0,0,0,0,0,0,0,0,0,0,0,0,0,0,0,0,0,0,0,0,0,0,0,0,0,0,0,0,0,0,0,0,0,0,0,0,2,0,1,1,0,0,1,2,1,2,1,2,3,1,1,4,5,2,3
MAR,Morocco,Medium,0.698,679,0,0,0,0,0,0,0,0,0,0,0,0,0,0,0,0,0,0,0,0,0,0,0,0,0,0,0,0,0,0,0,0,0,0,0,0,0,0,0,0,0,0,0,0,0,0,0,0,0,0,0,0,0,1,0,0,0,0,0,1,0,1,0,0,3,1,5,1,0,0,0,2,1,3,3,3,8,9,6,7,7,14,1,15,5,3,10,17,9,18,13,12,20,24,26,19,21,29,17,23,41,82,61,49,54,34
MOZ,Mozambique,Low,0.461,18,0,0,0,0,0,0,0,0,0,0,0,0,0,0,0,0,0,0,0,0,0,0,0,0,0,0,0,0,0,0,0,0,0,0,0,0,0,0,0,0,0,0,0,0,0,0,0,0,0,0,0,0,0,0,0,0,0,0,0,0,0,0,0,0,0,0,0,0,0,0,0,0,0,0,0,0,1,0,0,0,0,1,0,0,1,1,0,0,0,0,1,0,0,0,0,0,2,0,2,4,1,1,1,0,1,1
MMR,Myanmar,Medium,0.608,16,0,0,0,0,0,0,0,0,0,0,0,0,0,0,0,0,0,0,0,0,0,0,0,0,0,0,0,0,0,0,0,0,0,0,0,0,0,0,0,0,0,0,0,0,0,0,0,0,0,0,0,0,0,0,0,0,1,0,0,0,0,0,0,0,0,0,0,0,0,0,0,0,0,0,0,0,0,0,0,0,0,1,0,0,0,0,0,0,0,0,1,0,0,0,0,0,2,1,0,2,2,0,2,0,1,3
NAM,Namibia,Medium,0.61,40,0,0,0,0,0,0,0,0,0,0,0,0,0,0,0,0,0,0,0,0,0,0,0,0,0,0,0,0,0,0,0,0,0,0,0,0,0,0,0,0,0,0,0,0,0,0,0,0,0,0,0,0,0,0,0,0,0,0,0,0,0,0,0,0,0,0,0,0,0,0,0,0,0,0,0,0,0,0,0,0,0,0,0,0,0,0,1,0,0,0,1,0,1,1,1,1,1,1,5,3,4,1,10,2,4,3
NRU,Nauru,Medium,0.696,0,0,0,0,0,0,0,0,0,0,0,0,0,0,0,0,0,0,0,0,0,0,0,0,0,0,0,0,0,0,0,0,0,0,0,0,0,0,0,0,0,0,0,0,0,0,0,0,0,0,0,0,0,0,0,0,0,0,0,0,0,0,0,0,0,0,0,0,0,0,0,0,0,0,0,0,0,0,0,0,0,0,0,0,0,0,0,0,0,0,0,0,0,0,0,0,0,0,0,0,0,0,0,0,0,0,0
NPL,Nepal,Medium,0.601,637,0,0,0,0,0,0,0,0,0,0,0,0,0,0,0,0,0,0,0,0,0,0,0,0,0,0,0,0,0,0,0,0,0,0,0,0,0,0,0,0,0,0,0,0,0,0,0,0,0,0,1,0,0,0,0,0,0,1,1,0,0,1,0,0,0,0,2,2,0,0,2,1,0,3,3,0,0,2,2,0,3,1,2,8,7,8,13,15,11,16,17,17,17,8,19,16,19,21,26,22,62,62,59,47,68,52
NLD,Netherlands,Very High,0.946,9282,0,0,0,0,0,0,0,2,0,0,0,0,0,0,0,0,0,0,0,0,0,2,0,0,0,1,0,0,2,1,1,0,1,0,0,0,1,1,0,1,1,0,2,1,2,4,0,4,7,3,5,9,9,25,33,27,38,28,37,44,57,64,74,52,55,66,65,74,94,84,99,97,97,92,104,102,133,121,136,125,111,123,131,149,158,184,211,234,211,240,273,250,250,279,253,279,259,293,319,323,332,442,469,434,456,536
NZL,New Zealand,Very High,0.939,3107,0,0,0,0,0,0,0,1,0,0,0,0,1,0,0,0,0,0,0,0,0,1,2,1,0,0,0,0,0,0,1,0,0,0,0,1,2,1,0,0,0,2,0,2,1,2,1,5,2,5,8,3,7,14,8,13,17,11,16,11,16,10,12,16,12,19,11,23,28,26,24,18,32,26,24,33,37,40,34,64,39,43,56,55,63,87,56,95,67,97,95,100,85,87,100,100,89,90,111,149,134,145,126,136,130,128
NIC,Nicaragua,Medium,0.669,17,0,0,0,0,0,0,0,0,0,0,0,0,0,0,0,0,0,0,0,0,0,0,0,0,0,0,0,0,0,0,0,0,0,0,0,0,0,0,0,0,0,0,0,0,0,0,0,0,0,1,0,0,0,0,0,0,0,0,0,0,0,0,0,0,0,0,0,0,0,0,0,0,0,0,0,0,0,0,0,0,0,0,0,1,0,0,0,0,0,0,0,0,0,1,1,0,0,0,0,0,1,4,2,1,4,1
NER,Niger,Low,0.394,32,0,0,0,0,0,0,0,0,0,0,0,0,0,0,0,0,0,0,0,0,0,0,0,0,0,0,0,0,0,0,0,0,0,0,0,0,0,0,0,0,0,0,0,0,0,0,0,0,0,0,0,0,0,0,0,0,0,0,0,0,0,0,0,1,1,0,1,0,0,0,0,0,0,0,0,0,0,0,0,1,0,1,0,0,0,0,1,0,0,0,0,0,1,0,1,1,1,1,2,2,2,1,5,2,6,1
NGA,Nigeria,Low,0.548,1453,0,0,0,0,0,0,0,0,0,0,0,0,0,0,0,0,0,0,0,0,0,0,0,0,0,0,0,0,0,0,1,0,2,0,0,0,0,0,0,0,0,1,1,0,5,3,1,0,2,1,2,4,6,8,8,6,11,5,2,7,5,13,9,13,4,5,6,12,6,2,1,5,4,10,8,6,4,5,8,13,12,18,17,22,14,36,44,37,36,51,53,63,51,46,46,46,44,35,45,46,63,80,93,75,89,76
,No Country,,,0,0,0,0,0,0,0,0,0,0,0,0,0,0,0,0,0,0,0,0,0,0,0,0,0,0,0,0,0,0,0,0,0,0,0,0,0,0,0,0,0,0,0,0,0,0,0,0,0,0,0,0,0,0,0,0,0,0,0,0,0,0,0,0,0,0,0,0,0,0,0,0,0,0,0,0,0,0,0,0,0,0,0,0,0,0,0,0,0,0,0,0,0,0,0,0,0,0,0,0,0,0,0,0,0,0,0
PRK,North Korea,,,3,0,0,0,0,0,0,0,0,0,0,0,0,0,0,0,0,0,0,0,0,0,0,0,0,0,0,0,0,0,0,0,0,0,0,0,0,0,0,0,0,0,0,0,0,0,0,0,0,0,0,0,0,0,0,0,0,0,0,0,0,0,0,0,0,0,0,0,0,0,0,0,0,0,0,0,0,0,0,0,0,0,0,0,0,0,0,0,0,0,0,0,0,0,0,0,0,0,0,0,0,0,0,1,1,1,0
MKD,North Macedonia,High,0.765,123,0,0,0,0,0,0,0,0,0,0,0,0,0,0,0,0,0,0,0,0,0,0,0,0,0,0,0,0,0,0,0,0,0,0,0,0,0,0,0,0,0,0,0,0,0,2,0,0,0,0,0,0,0,0,0,0,0,0,1,0,0,0,0,0,0,0,0,0,0,0,0,1,0,0,0,0,1,2,0,0,0,0,0,0,0,4,1,6,3,4,1,4,4,5,4,4,4,4,7,9,13,5,9,7,8,10
,Northern Mariana Islands,,,3,0,0,0,0,0,0,0,0,0,0,0,0,0,0,0,0,0,0,0,0,0,0,0,0,0,0,0,0,0,0,0,0,0,0,0,0,0,0,0,0,0,0,0,0,0,0,0,0,0,0,0,0,0,0,0,0,0,0,0,0,0,0,0,0,0,0,0,0,0,0,0,0,0,0,0,0,0,0,0,0,0,0,0,0,0,0,0,0,0,0,0,0,0,0,0,0,0,0,0,1,0,2,0,0,0,0
NOR,Norway,Very High,0.966,2956,0,0,0,0,0,0,1,0,0,0,0,0,0,0,0,0,0,0,1,0,0,0,0,0,0,1,0,0,1,0,1,0,0,0,0,0,2,3,0,1,1,3,2,0,7,2,4,2,6,3,3,8,9,19,25,23,20,28,23,23,28,29,26,14,22,34,21,33,27,32,36,39,35,40,43,48,58,43,34,46,61,47,57,54,52,65,80,58,53,58,82,61,74,72,81,72,82,84,74,92,90,111,110,128,121,127
OMN,Oman,Very High,0.819,314,0,0,0,0,0,0,0,0,0,0,0,0,0,0,0,0,0,0,0,0,0,0,0,0,0,0,0,0,0,0,0,0,0,0,0,0,0,0,0,0,0,0,0,0,0,0,0,0,0,0,0,0,0,0,0,0,0,0,0,0,0,0,0,0,0,0,0,0,0,0,1,0,1,0,1,0,0,2,4,1,3,3,6,4,3,10,4,3,10,15,20,14,20,11,12,2,11,7,8,7,7,24,27,31,11,31
PAK,Pakistan,Low,0.54,2914,0,0,0,0,0,0,0,0,0,0,1,0,0,0,0,0,0,0,1,0,1,0,0,1,1,1,0,1,0,0,0,0,0,0,0,0,0,0,0,0,0,0,0,0,0,0,0,0,0,1,0,0,0,2,0,0,0,0,0,0,2,0,1,0,0,0,0,2,4,3,2,4,2,4,2,4,5,5,6,8,18,17,23,29,28,44,49,54,56,74,72,102,104,101,118,83,106,110,131,123,192,231,208,210,255,312
PLW,Palau,High,0.797,2,0,0,0,0,0,0,0,0,0,0,0,0,0,0,0,0,0,0,0,0,0,0,0,0,0,0,0,0,0,0,0,0,0,0,0,0,0,0,0,0,0,0,0,0,0,0,0,0,0,0,0,0,0,0,0,0,0,0,0,0,0,0,0,0,0,0,0,0,0,0,0,0,0,0,0,0,0,0,0,0,0,0,0,1,0,0,0,0,0,0,0,0,0,0,0,0,0,0,0,0,0,0,0,1,0,0
PSE,Palestine,High,0.716,109,0,0,0,0,0,0,0,0,0,0,0,0,0,0,0,0,0,0,0,0,0,0,0,0,0,0,0,0,0,0,0,0,0,0,0,0,0,0,0,0,0,0,0,0,0,0,0,0,0,0,0,0,0,0,0,0,0,0,0,0,0,0,0,0,0,0,0,0,0,0,0,0,0,0,0,0,0,0,0,0,0,0,0,0,0,0,0,0,1,0,0,1,0,1,1,1,4,1,1,3,4,6,11,18,17,39
PAN,Panama,Very High,0.82,49,0,0,0,0,0,0,0,0,0,0,0,1,0,0,0,0,0,0,0,0,0,0,0,0,0,0,0,0,0,0,0,0,0,0,0,0,0,0,0,0,0,0,0,0,0,0,0,0,0,0,0,0,0,0,0,0,0,0,0,0,0,0,0,1,0,0,0,0,0,0,0,0,0,0,1,0,1,0,0,1,0,1,0,0,0,1,0,1,0,2,0,2,2,0,1,1,0,1,0,3,3,3,11,5,4,3
PNG,Papua New Guinea,Medium,0.568,46,0,0,0,0,0,0,0,0,0,0,0,0,0,0,0,0,0,0,0,0,0,0,0,0,0,0,0,0,0,0,0,0,0,0,0,0,0,0,0,0,0,0,0,0,0,0,0,0,0,0,0,0,0,0,2,0,0,1,0,0,1,0,0,0,1,1,0,0,0,1,2,2,0,2,3,0,2,1,0,3,0,1,1,1,0,1,1,0,2,1,0,0,0,0,1,1,1,1,1,0,3,2,2,1,1,2
PRY,Paraguay,High,0.731,19,0,0,0,0,0,0,0,0,0,0,0,0,0,0,0,0,0,0,0,0,0,0,0,0,0,0,0,0,0,0,0,0,0,0,0,0,0,0,0,0,0,0,0,0,0,0,0,0,0,0,0,0,0,0,0,0,0,0,0,0,1,0,0,1,0,0,0,0,0,0,0,0,0,0,0,0,0,0,0,0,0,0,0,0,1,0,0,0,1,0,0,1,0,0,1,0,0,1,0,1,2,1,2,1,3,2
PER,Peru,High,0.762,251,0,0,0,0,0,0,0,0,0,0,0,0,0,0,0,0,0,0,0,0,0,0,0,0,0,0,0,0,0,0,0,0,0,0,1,1,0,0,0,0,0,0,0,0,0,0,0,0,0,0,0,0,0,0,0,1,0,0,0,0,1,0,0,0,0,0,0,0,0,0,0,0,0,0,1,0,2,0,0,0,0,0,1,1,0,1,2,1,2,2,2,2,3,2,8,4,6,7,9,9,18,26,31,24,40,43
PHL,Philippines,High,0.71,222,0,0,0,0,0,0,0,0,0,0,0,0,0,0,0,0,0,0,0,0,0,0,0,0,0,0,1,0,0,0,0,0,0,0,0,0,0,0,0,0,0,0,0,0,0,0,0,0,0,0,0,0,0,0,1,1,0,0,0,0,0,0,2,0,1,0,0,0,0,0,0,3,1,0,1,1,0,1,2,2,1,0,1,2,0,1,4,0,3,4,1,3,2,3,3,3,6,4,4,6,15,21,35,20,33,30
POL,Poland,Very High,0.881,4443,0,0,0,0,0,0,0,0,0,0,0,0,0,0,0,0,0,0,0,0,0,0,0,0,0,0,0,0,0,0,0,0,0,1,0,0,0,0,0,0,0,0,0,0,1,0,2,0,2,0,0,1,4,53,114,56,60,23,21,34,19,20,10,8,10,15,13,9,7,9,6,5,15,9,14,28,26,37,43,39,53,51,65,93,127,137,137,98,119,120,97,115,125,131,136,123,135,139,140,124,178,232,227,240,267,320
PRT,Portugal,Very High,0.874,1910,0,0,0,0,0,0,0,0,0,0,0,0,0,0,0,0,0,0,0,0,0,0,0,0,0,0,1,0,0,0,0,0,1,0,0,0,0,0,0,0,0,0,0,0,0,0,0,0,0,0,0,0,0,2,4,2,0,0,0,0,1,1,1,1,0,0,2,2,0,3,4,3,5,2,1,3,2,11,10,4,9,7,9,11,12,23,28,33,41,40,40,43,62,79,77,61,68,91,95,92,114,150,160,138,167,194
,Puerto Rico,,,102,0,0,0,0,0,0,0,0,0,0,0,0,0,0,0,0,0,0,0,0,0,0,0,0,0,1,0,0,0,0,0,0,0,0,0,0,0,0,0,0,0,0,0,0,0,0,0,1,0,0,1,0,0,0,0,0,0,0,2,1,0,0,0,2,0,0,0,0,0,0,1,1,0,1,0,3,1,1,1,0,1,0,1,0,1,0,1,3,1,2,3,2,3,2,1,1,1,5,6,3,5,6,12,11,6,8
QAT,Qatar,Very High,0.875,433,0,0,0,0,0,0,0,0,0,0,0,0,0,0,0,0,0,0,0,0,0,0,0,0,0,0,0,0,0,0,0,0,0,0,0,0,0,0,0,0,0,0,0,0,0,0,0,1,0,1,0,0,0,0,0,0,0,0,0,0,0,0,0,0,0,0,0,0,0,0,0,2,0,0,0,1,0,0,0,0,3,0,0,2,1,1,1,4,1,4,5,8,5,11,17,7,18,15,16,28,35,43,40,39,62,62
,Reunion,,,13,0,0,0,0,0,0,0,0,0,0,0,0,0,0,0,0,0,0,0,0,0,0,0,0,0,0,0,0,0,0,0,0,0,0,0,0,0,0,0,0,0,0,0,0,0,0,0,0,0,0,0,0,0,0,0,0,0,0,0,0,0,0,0,0,0,0,0,0,0,0,0,0,0,0,0,0,0,0,0,0,0,0,0,0,0,2,0,1,0,0,0,0,0,1,1,0,1,0,0,0,1,3,1,0,1,1
ROU,Romania,Very High,0.827,1386,0,0,0,0,0,0,0,0,0,0,0,0,0,0,0,0,0,0,0,0,0,0,1,0,0,0,0,0,0,0,0,0,0,0,0,0,0,0,0,2,0,0,1,0,1,0,4,0,1,1,3,1,3,26,15,18,11,15,15,8,15,10,18,9,5,8,7,3,7,0,6,3,5,3,5,4,11,3,4,2,7,5,5,7,10,9,13,21,10,34,33,35,32,35,38,34,44,51,51,61,66,71,79,75,148,158
RUS,Russia,Very High,0.821,213,0,0,0,0,0,0,0,0,0,0,0,0,0,0,0,0,0,0,0,0,0,0,0,0,0,0,0,0,0,0,0,0,0,0,0,0,0,2,4,2,4,4,1,5,2,2,1,0,1,1,2,1,1,10,1,4,1,35,1,1,4,3,2,2,0,15,1,0,1,8,45,38,8,0,0,0,0,0,0,0,0,0,0,0,0,0,0,0,0,0,0,0,0,0,0,0,0,0,0,0,0,0,0,0,0,0
,Russian Federation,,,4043,0,0,0,0,0,0,1,0,0,0,0,0,0,0,0,0,0,0,0,0,0,0,0,0,0,0,1,0,0,0,0,0,0,0,0,0,0,6,6,2,3,2,4,5,8,5,2,2,2,3,1,1,2,3,33,26,31,35,28,20,38,37,26,21,22,16,27,24,24,15,2,13,19,43,30,19,22,23,16,17,18,16,31,18,8,41,8,8,13,18,17,33,37,36,53,69,96,148,170,274,311,383,402,406,412,331
RWA,Rwanda,Low,0.548,174,0,0,0,0,0,0,0,0,0,0,0,0,0,0,0,0,0,0,0,0,0,0,0,0,0,0,0,0,0,0,0,0,0,0,0,0,0,0,0,0,0,0,0,0,0,0,0,0,0,0,0,0,0,0,0,0,0,0,0,0,0,0,0,0,0,0,0,0,0,0,0,1,0,0,0,0,0,0,0,0,1,0,0,0,0,0,0,2,0,1,2,1,3,2,7,4,7,6,10,15,10,14,14,15,25,34
KNA,Saint Kitts and Nevis,Very High,0.838,45,0,0,0,0,0,0,0,0,0,0,0,0,0,0,0,0,0,0,0,0,0,0,0,0,0,0,0,0,0,0,0,0,0,0,0,0,0,0,0,0,0,0,0,0,0,0,0,0,0,0,0,0,0,0,0,0,0,0,0,0,0,0,0,0,0,0,0,0,0,0,0,0,0,0,0,0,0,0,0,0,0,0,1,0,0,0,0,0,0,1,0,0,0,4,1,2,3,3,3,6,2,5,5,2,3,4
LCA,Saint Lucia,High,0.725,0,0,0,0,0,0,0,0,0,0,0,0,0,0,0,0,0,0,0,0,0,0,0,0,0,0,0,0,0,0,0,0,0,0,0,0,0,0,0,0,0,0,0,0,0,0,0,0,0,0,0,0,0,0,0,0,0,0,0,0,0,0,0,0,0,0,0,0,0,0,0,0,0,0,0,0,0,0,0,0,0,0,0,0,0,0,0,0,0,0,0,0,0,0,0,0,0,0,0,0,0,0,0,0,0,0,0
,Saint Martin (Dutch Part),,,,,,,,,,,,,,,,,,,,,,,,,,,,,,,,,,,,,,,,,,,,,,,,,,,,,,,,,,,,,,,,,,,,,,,,,,,,,,,,,,,,,,,,,,,,,,,,,,,,,,,,,,,,,
VCT,Saint Vincent and the Grenadines,High,0.772,7,0,0,0,0,0,0,0,0,0,0,1,0,0,0,0,0,0,0,0,0,0,0,0,0,0,0,0,0,0,0,0,0,0,0,0,0,0,0,0,0,0,1,0,0,0,0,0,0,0,0,0,0,0,0,0,0,0,0,0,0,0,0,0,0,0,0,0,0,0,0,0,0,0,0,0,0,0,0,0,0,0,0,0,0,1,0,0,0,0,0,0,0,0,0,0,0,0,0,0,0,0,0,1,0,1,2
WSM,Samoa,High,0.702,3,0,0,0,0,0,0,0,0,0,0,0,0,0,0,0,0,0,0,0,0,0,0,0,0,0,0,0,0,0,0,0,0,0,0,0,0,0,0,0,0,0,0,0,0,0,0,0,0,0,0,0,0,0,0,0,0,0,0,0,0,0,0,0,0,0,0,0,1,0,0,0,0,0,1,0,0,0,0,0,0,0,0,0,0,0,0,0,0,0,0,0,0,0,0,0,0,0,0,0,0,0,1,0,0,0,0
SMR,San Marino,Very High,0.867,10,0,0,0,0,0,0,0,0,0,0,0,0,0,0,0,0,0,0,0,0,0,0,0,0,0,0,0,0,0,0,0,0,0,0,0,0,0,0,0,0,0,0,0,0,0,0,0,0,0,0,0,0,0,0,0,0,0,0,0,0,0,0,0,0,0,0,0,0,0,0,0,0,0,0,0,0,0,0,0,0,0,0,0,0,0,0,0,0,0,0,0,0,0,0,0,0,0,0,3,0,0,2,2,0,1,2
STP,Sao Tome and Principe,Medium,0.613,1,0,0,0,0,0,0,0,0,0,0,0,0,0,0,0,0,0,0,0,0,0,0,0,0,0,0,0,0,0,0,0,0,0,0,0,0,0,0,0,0,0,0,0,0,0,0,0,0,0,0,0,0,0,0,0,0,0,0,0,0,0,0,0,0,0,0,0,0,0,0,0,0,0,0,0,0,0,0,0,0,0,0,0,0,0,0,0,0,0,0,0,0,0,0,0,0,0,0,0,0,0,0,0,0,1,0
SAU,Saudi Arabia,Very High,0.875,2888,0,0,0,0,0,0,0,0,0,0,0,0,0,0,0,0,0,0,0,0,0,0,0,0,0,0,0,0,0,0,0,0,0,0,0,0,0,0,0,0,0,0,0,0,0,0,0,0,0,0,0,0,0,0,1,0,0,0,1,0,2,1,2,2,2,7,19,12,9,6,8,10,9,12,21,32,24,22,27,24,22,23,22,21,55,58,41,60,40,55,40,74,72,72,90,71,103,103,105,106,174,204,230,239,268,287
SEN,Senegal,Low,0.517,104,0,0,0,0,0,0,0,0,0,0,0,0,0,0,0,0,0,0,0,0,0,0,0,0,0,0,0,0,0,0,0,0,0,0,0,0,0,0,0,0,0,0,0,0,0,0,0,0,0,0,0,0,0,0,1,0,0,1,0,0,1,0,0,0,0,0,0,0,0,0,1,3,0,0,3,0,1,1,5,3,1,4,2,6,1,3,1,1,2,2,2,1,2,1,2,1,4,7,4,4,5,7,4,2,8,7
SRB,Serbia,Very High,0.805,992,0,0,0,0,0,0,0,0,0,0,0,0,0,0,0,0,0,0,0,0,0,0,0,0,0,0,0,0,0,0,0,0,0,0,0,0,0,0,0,0,0,0,0,0,0,0,0,0,0,0,0,0,0,0,0,0,0,0,0,0,0,0,0,0,0,0,0,0,0,0,2,0,1,5,0,2,0,5,8,7,7,2,15,11,4,7,9,35,21,27,38,33,49,43,34,45,39,41,52,54,54,68,64,84,58,68
SYC,Seychelles,Very High,0.802,1,0,0,0,0,0,0,0,0,0,0,0,0,0,0,0,0,0,0,0,0,0,0,0,0,0,0,0,0,0,0,0,0,0,0,0,0,0,0,0,0,0,0,0,0,0,0,0,0,0,0,0,0,0,0,0,0,0,0,0,0,0,0,0,0,0,0,0,0,0,0,0,0,0,0,0,0,0,0,0,0,0,0,0,0,0,0,0,0,0,0,0,0,0,0,0,0,0,0,0,1,0,0,0,0,0,0
SLE,Sierra Leone,Low,0.458,39,0,0,0,0,0,0,0,0,0,0,0,0,0,0,0,0,0,0,0,0,0,0,0,0,0,0,0,0,0,0,0,0,0,0,0,0,0,0,0,0,0,0,0,0,0,0,0,0,0,0,0,0,0,0,0,0,0,0,0,0,0,0,0,0,0,0,0,0,0,0,0,0,0,0,0,0,0,0,0,0,0,0,0,0,0,0,0,0,0,0,1,0,1,0,3,5,2,0,4,5,1,4,4,1,5,3
SGP,Singapore,Very High,0.949,2305,0,0,0,0,0,0,0,0,0,0,1,0,0,0,0,0,0,0,0,0,0,0,0,0,0,0,0,0,0,0,0,0,0,0,0,0,0,0,0,0,0,0,0,0,0,1,0,0,1,0,0,1,1,2,2,2,7,4,5,4,0,2,1,1,4,2,1,2,4,4,11,18,19,15,21,12,10,21,37,30,47,30,46,43,45,47,50,37,52,44,49,41,48,69,81,77,81,90,93,105,152,143,162,114,159,154
SVK,Slovakia,Very High,0.855,663,0,0,0,0,0,0,0,0,0,0,0,0,0,0,0,0,0,0,0,0,0,0,0,0,0,0,0,0,0,0,0,0,0,0,0,0,0,0,0,0,0,0,0,0,0,0,1,0,0,0,0,0,1,0,0,4,2,2,4,1,7,3,4,0,0,0,1,3,6,1,2,3,6,21,10,11,12,16,14,16,16,16,17,10,18,15,12,19,22,8,14,17,14,11,9,16,30,21,16,18,31,35,31,38,25,33
SVN,Slovenia,Very High,0.926,548,0,0,0,0,0,0,0,0,0,0,0,0,0,0,0,0,0,0,0,0,0,0,0,0,0,0,0,0,0,0,0,0,0,0,0,0,0,0,0,0,0,0,0,0,0,0,0,0,0,0,0,0,0,0,0,0,0,1,0,1,1,2,1,1,0,0,0,0,0,0,2,1,1,0,4,3,4,4,2,4,7,4,7,8,9,17,7,13,10,12,21,16,19,12,14,15,14,18,21,29,39,37,49,42,36,40
SLB,Solomon Islands,Medium,0.562,4,0,0,0,0,0,0,0,0,0,0,0,0,0,0,0,0,0,0,0,0,0,0,0,0,0,0,0,0,0,0,0,0,0,0,0,0,0,0,0,0,0,0,0,0,0,0,0,0,0,0,0,0,1,0,0,0,0,0,0,0,0,0,0,1,0,0,0,0,0,0,0,0,1,0,0,0,0,0,0,0,0,0,0,0,0,0,0,0,0,0,0,0,0,0,0,0,0,0,0,0,0,0,0,0,0,1
SOM,Somalia,Low,0.38,49,0,0,0,0,0,0,0,0,0,0,0,0,0,0,0,0,0,0,0,0,0,0,0,0,0,0,0,0,0,0,0,0,0,0,0,0,0,0,0,0,0,0,0,0,0,0,0,0,0,0,0,0,0,0,0,0,0,0,0,0,0,0,0,0,0,0,0,0,0,0,0,1,0,0,0,0,0,0,1,0,0,0,0,0,0,0,1,0,0,0,0,0,0,0,1,2,2,0,0,1,1,2,8,3,12,14
ZAF,South Africa,High,0.717,2827,0,0,0,0,0,0,0,0,0,0,0,0,0,0,0,1,0,0,0,1,0,0,0,0,0,0,1,0,0,1,3,0,1,1,1,5,3,1,0,4,5,3,4,6,3,0,5,0,2,4,3,6,4,37,23,24,19,17,33,37,36,32,37,42,38,35,36,28,30,32,39,42,61,47,38,32,40,30,32,22,32,28,39,33,47,33,37,46,29,53,59,68,57,61,77,86,59,97,89,99,119,116,140,110,103,123
KOR,South Korea,Very High,0.929,10485,0,0,0,0,0,0,0,0,0,0,0,0,0,0,0,0,0,0,0,0,0,0,0,0,0,0,0,0,0,0,0,0,0,1,0,0,0,0,0,0,0,0,0,0,0,0,0,0,0,0,0,0,1,1,13,0,1,2,3,4,2,2,3,0,0,3,0,2,6,8,4,6,8,12,13,14,19,26,37,31,51,46,50,66,73,98,106,176,149,237,498,471,513,518,532,391,450,458,455,562,660,765,769,730,735,704
SSD,South Sudan,Low,0.381,14,0,0,0,0,0,0,0,0,0,0,0,0,0,0,0,0,0,0,0,0,0,0,0,0,0,0,0,0,0,0,0,0,0,0,0,0,0,0,0,0,0,0,0,0,0,0,0,0,0,0,0,0,0,0,0,0,0,0,0,0,0,0,0,0,0,0,0,0,0,0,0,0,0,0,0,0,0,0,0,0,0,0,0,0,0,0,0,0,0,0,0,0,0,0,0,0,0,3,0,0,0,1,2,3,2,3
ESP,Spain,Very High,0.911,11004,0,0,0,0,0,0,0,0,0,0,0,0,0,0,0,0,0,0,0,0,0,0,0,0,0,0,2,0,0,0,0,0,1,0,0,0,0,0,0,0,0,0,0,0,0,0,1,1,0,0,0,1,5,16,60,44,32,46,38,39,23,33,35,23,27,36,46,53,49,43,83,94,89,113,138,123,152,176,185,200,219,212,182,246,261,233,276,283,206,305,320,274,291,311,362,299,319,371,351,381,440,582,557,514,555,647
LKA,Sri Lanka,High,0.78,273,0,0,0,0,0,0,0,0,0,0,0,0,0,0,0,0,0,0,0,0,0,0,0,0,0,0,0,0,0,0,1,0,0,0,0,0,0,0,0,0,0,0,0,0,0,0,0,1,0,0,0,0,0,1,1,3,0,0,3,0,0,1,0,0,1,1,2,0,1,0,1,2,0,3,4,1,2,2,0,2,2,1,1,1,3,1,2,3,4,6,7,7,13,6,12,7,6,5,16,12,7,22,32,23,22,19
SDN,Sudan,Low,0.516,138,0,0,0,0,0,0,0,0,0,0,0,0,0,0,0,0,0,0,0,0,0,0,0,0,0,0,0,0,0,0,0,0,0,0,0,0,0,0,0,0,0,0,0,0,0,0,0,0,0,0,0,0,0,1,2,0,0,0,0,0,1,0,0,0,1,0,1,1,1,0,0,1,1,0,0,0,0,1,0,1,1,0,0,1,2,0,2,0,0,2,0,0,2,1,1,3,4,7,3,9,10,10,14,21,10,23
SUR,Suriname,Medium,0.69,2,0,0,0,0,0,0,0,0,0,0,0,0,0,0,0,0,0,0,0,0,0,0,0,0,0,0,0,0,0,0,0,0,0,0,0,0,0,0,0,0,0,0,0,0,0,0,0,0,0,0,0,0,0,0,0,0,0,0,0,0,0,0,0,0,0,0,0,0,0,0,0,0,0,0,0,0,0,0,0,0,0,0,0,0,0,0,0,0,0,0,0,0,0,1,0,0,0,0,0,0,0,0,0,1,0,0
SWZ,Swaziland,Medium,0.61,9,0,0,0,0,0,0,0,0,0,0,0,0,0,0,0,0,0,0,0,0,0,0,0,0,0,0,0,0,0,0,0,0,0,0,0,0,0,0,0,0,0,0,0,0,0,0,0,0,0,0,0,0,0,1,0,0,0,0,0,0,0,0,0,0,0,0,0,0,0,0,0,0,0,0,0,0,0,0,0,0,0,1,0,0,0,0,0,0,0,0,0,3,0,1,1,0,0,0,0,1,1,0,0,0,0,0
SWE,Sweden,Very High,0.952,8782,0,0,0,0,0,0,0,0,0,0,0,0,0,0,0,0,0,0,0,1,2,0,1,2,0,2,3,2,2,1,6,3,2,4,2,3,2,8,7,9,16,15,9,9,15,21,30,18,27,24,24,30,40,59,86,103,111,91,93,105,95,106,147,111,125,176,129,153,156,157,166,141,161,150,158,171,147,152,172,148,142,167,144,179,141,179,168,117,169,141,177,167,173,172,192,187,167,167,179,179,185,274,264,254,269,320
CHE,Switzerland,Very High,0.967,9413,0,0,0,1,0,0,0,0,0,0,0,0,0,0,0,0,0,0,0,1,0,0,0,1,0,0,1,1,3,0,4,4,1,5,3,1,2,0,0,5,3,3,2,3,10,4,8,2,4,10,5,6,8,36,56,49,39,68,57,59,41,40,54,42,48,35,49,45,55,52,61,79,84,87,100,85,111,118,154,128,152,147,149,173,224,233,194,201,229,227,248,265,288,277,240,290,240,294,309,283,382,474,481,427,477,576
SYR,Syria,Medium,0.557,0,0,0,0,0,0,0,0,0,0,0,0,0,0,0,0,0,0,0,0,0,0,0,0,0,0,0,0,0,0,0,0,0,0,0,0,0,0,0,0,0,0,0,0,0,0,0,0,0,0,0,0,0,0,0,0,0,0,0,0,0,0,0,0,0,0,0,0,0,0,0,0,0,0,0,0,0,0,0,0,0,0,0,0,0,0,0,0,0,0,0,0,0,0,0,0,0,0,0,0,0,0,0,0,0,0,0
,Syrian Arab Republic,,,228,0,0,0,0,0,0,0,0,0,0,0,0,0,0,0,0,0,0,0,0,0,0,0,0,0,0,0,0,0,0,0,0,0,0,0,0,0,0,0,0,0,0,0,0,0,0,0,0,0,0,0,0,0,0,1,0,0,0,0,0,1,0,0,0,0,0,0,0,0,0,0,0,0,0,0,0,0,0,0,1,1,0,0,0,0,1,0,0,0,1,1,0,2,1,0,4,4,1,2,5,6,13,29,41,57,56
,Taiwan,,,4984,0,0,0,0,0,0,0,0,0,0,0,0,0,0,0,0,0,0,0,0,0,0,0,0,0,0,0,0,0,0,0,0,0,0,0,0,0,0,0,0,0,0,0,0,1,0,0,0,0,0,0,0,0,2,3,1,2,1,3,2,6,2,1,6,5,8,4,3,16,15,13,17,23,43,38,50,75,82,92,92,93,98,111,128,145,173,174,161,162,139,155,167,155,160,166,151,131,146,154,149,164,244,281,225,263,283
TJK,Tajikistan,Medium,0.679,5,0,0,0,0,0,0,0,0,0,0,0,0,0,0,0,0,0,0,0,0,0,0,0,0,0,0,0,0,0,0,0,0,0,0,0,0,0,0,0,0,0,0,0,0,0,0,0,0,0,0,0,0,0,0,0,0,0,0,0,0,0,0,0,0,0,0,0,0,0,0,0,0,0,0,0,0,0,0,0,0,0,0,0,0,0,0,0,0,0,0,0,0,0,0,1,0,0,0,0,0,0,0,1,1,0,2
TZA,Tanzania,Low,0.532,227,0,0,0,0,0,0,0,0,0,0,0,0,0,0,0,0,0,0,0,0,0,0,0,0,0,0,0,0,0,0,0,0,0,0,0,0,0,0,0,0,0,0,0,0,0,0,0,0,0,0,0,0,0,2,2,0,1,1,4,0,1,2,1,1,1,0,2,0,0,1,1,2,0,1,0,1,0,0,1,0,0,3,0,0,0,0,1,0,1,3,1,2,5,1,3,5,8,8,8,13,14,16,32,21,30,27
THA,Thailand,Very High,0.803,2141,0,0,0,0,0,0,0,0,0,0,0,0,0,0,0,0,0,0,0,0,0,0,0,0,0,0,0,0,0,0,0,0,0,0,0,0,0,0,0,0,0,0,0,0,0,0,0,0,0,0,0,0,1,4,3,0,3,1,0,1,2,1,2,4,4,0,3,4,2,2,6,4,9,1,4,4,7,10,11,14,13,16,46,22,24,60,31,44,38,55,42,40,43,38,59,49,70,70,104,85,122,172,196,161,189,245
TLS,Timor-Leste,Medium,0.566,5,0,0,0,0,0,0,0,0,0,0,0,0,0,0,0,0,0,0,0,0,0,0,0,0,0,0,0,0,0,0,0,0,0,0,0,0,0,0,0,0,0,0,0,0,0,0,0,0,0,0,0,0,0,0,0,0,0,0,0,0,0,0,0,0,0,0,0,0,0,0,0,0,0,0,0,0,0,0,0,0,0,0,0,0,0,0,0,0,0,0,0,0,0,0,0,0,0,1,0,3,0,0,0,0,1,0
TGO,Togo,Low,0.547,48,0,0,0,0,0,0,0,0,0,0,0,0,0,0,0,0,0,0,0,0,0,0,0,0,0,0,0,0,0,0,0,0,0,0,0,0,0,0,0,0,0,0,0,0,0,0,0,0,0,0,0,0,0,0,0,0,0,0,0,0,0,0,1,0,0,0,0,0,0,0,0,0,0,0,0,0,0,0,0,0,0,0,1,1,1,1,3,3,4,3,0,0,0,1,4,4,0,3,3,0,2,3,2,4,2,2
TON,Tonga,High,0.739,6,0,0,0,0,0,0,0,0,0,0,0,0,0,0,0,0,0,0,0,0,0,0,0,0,0,0,0,0,0,0,0,0,0,0,0,0,0,0,0,0,0,0,0,0,0,0,0,0,0,0,0,0,0,0,0,0,0,0,0,0,0,0,0,0,0,0,0,0,0,0,0,0,0,0,0,0,0,0,0,0,0,0,0,0,0,0,0,0,0,0,1,0,0,0,0,1,0,0,1,0,0,1,0,2,0,0
TTO,Trinidad and Tobago,Very High,0.814,99,0,0,0,0,0,0,0,0,0,0,0,0,0,0,0,0,0,1,0,0,0,0,0,0,0,0,0,0,0,0,0,0,0,0,0,0,0,0,0,0,0,0,0,0,0,0,0,0,0,0,0,0,0,0,1,0,0,0,0,0,1,0,0,0,0,0,1,1,0,1,0,1,0,1,0,0,4,3,2,1,3,2,0,1,1,1,6,4,2,5,2,6,3,2,1,2,4,6,4,4,2,5,6,1,2,6
TUN,Tunisia,High,0.732,572,0,0,0,0,0,0,0,0,0,0,0,0,0,0,0,0,0,0,0,0,0,0,0,0,0,0,0,0,0,0,0,0,0,0,0,0,0,0,0,0,0,0,0,0,0,0,0,0,0,0,0,0,0,0,0,0,1,1,0,0,0,0,0,0,1,2,0,1,1,0,0,0,0,3,1,3,6,2,3,1,9,5,4,9,6,13,7,18,11,10,20,12,14,16,13,6,19,27,21,18,14,31,33,50,90,70
TUR,Turkey,Very High,0.855,16932,0,0,0,0,0,0,0,0,0,0,0,0,0,0,0,0,0,0,0,0,0,0,0,0,0,0,1,0,0,0,0,0,0,0,0,0,0,0,0,1,0,0,0,0,0,0,1,2,0,0,0,0,2,7,2,2,5,9,4,2,0,2,4,1,7,2,3,3,8,11,40,44,70,70,75,73,95,130,112,167,142,177,306,464,486,541,531,471,472,439,551,525,593,647,662,710,667,567,508,647,745,918,969,961,993,1285
TKM,Turkmenistan,High,0.744,0,0,0,0,0,0,0,0,0,0,0,0,0,0,0,0,0,0,0,0,0,0,0,0,0,0,0,0,0,0,0,0,0,0,0,0,0,0,0,0,0,0,0,0,0,0,0,0,0,0,0,0,0,0,0,0,0,0,0,0,0,0,0,0,0,0,0,0,0,0,0,0,0,0,0,0,0,0,0,0,0,0,0,0,0,0,0,0,0,0,0,0,0,0,0,0,0,0,0,0,0,0,0,0,0,0,0
TUV,Tuvalu,Medium,0.653,2,0,0,0,0,0,0,0,0,0,0,0,0,0,0,0,0,0,0,0,0,0,0,0,0,0,0,0,0,0,0,0,0,0,0,0,0,0,0,0,0,0,0,0,0,0,0,0,0,0,0,0,0,0,0,0,0,0,0,0,0,0,0,0,0,0,0,0,0,0,0,1,1,0,0,0,0,0,0,0,0,0,0,0,0,0,0,0,0,0,0,0,0,0,0,0,0,0,0,0,0,0,0,0,0,0,0
UGA,Uganda,Medium,0.55,233,0,0,0,0,0,0,0,0,0,0,0,0,0,0,0,0,0,0,0,0,0,0,0,0,0,0,0,0,0,0,0,0,0,0,0,0,0,0,0,0,0,0,0,1,0,0,0,0,1,0,0,1,2,1,0,1,0,0,1,1,0,1,0,0,0,0,0,0,0,0,0,1,0,0,0,0,0,0,2,2,2,0,0,0,1,1,2,1,4,4,2,4,6,4,5,13,9,14,12,19,10,14,17,24,27,23
UKR,Ukraine,High,0.734,1069,0,0,0,0,0,0,0,0,0,0,0,0,0,0,0,0,0,0,0,0,0,0,0,0,0,0,0,0,0,0,0,0,0,0,0,0,0,0,0,1,0,0,0,0,1,0,1,0,0,0,0,0,0,0,5,10,6,7,30,17,13,19,15,8,8,7,5,9,7,6,2,5,4,3,3,1,1,4,2,0,1,1,0,3,1,5,1,2,3,5,1,2,1,4,5,9,9,11,21,99,99,114,109,135,119,109
ARE,United Arab Emirates,Very High,0.937,684,0,0,0,0,0,0,0,0,0,0,0,0,0,0,0,0,0,0,0,0,0,0,0,0,0,0,0,0,0,0,0,0,0,0,0,0,0,0,0,0,0,0,0,0,0,0,0,0,0,0,0,0,0,0,0,0,0,0,0,0,0,0,0,0,0,0,0,0,1,0,0,5,3,6,1,2,5,3,1,2,3,5,4,3,3,9,5,6,7,9,4,14,8,14,18,24,20,24,25,33,44,65,56,74,93,85
GBR,United Kingdom,Very High,0.94,51119,4,8,2,6,3,2,11,19,17,24,33,39,29,17,24,28,5,34,12,45,34,31,26,28,36,20,38,23,34,43,60,25,65,71,90,96,107,116,103,103,96,111,138,126,150,134,133,155,107,188,188,203,249,386,349,311,317,337,393,432,420,416,447,407,482,529,554,532,642,639,760,810,792,883,898,895,782,876,859,904,1101,1039,1060,1180,1048,1131,1249,1177,1232,1163,1128,1238,1129,1158,1107,1160,1073,1111,1111,1090,1420,1609,1579,1372,1383,1530
,United States,,,144752,21,28,30,38,51,62,37,49,64,57,55,73,71,67,46,46,93,64,76,70,91,75,83,77,59,57,86,80,91,100,81,113,94,117,119,110,179,113,132,135,100,100,99,104,182,188,161,200,195,216,269,306,341,924,1163,1009,877,897,1009,1100,1108,1114,1097,1036,1015,1130,1118,1241,1389,1598,1825,1817,2012,2138,2143,2152,2354,2244,2225,2186,2042,1903,2240,2435,2617,2860,2963,2898,2879,3083,3247,3481,3609,3841,3739,3987,3866,4236,4557,4429,5051,5909,5655,5489,5960,6304
USA,United States of America,Very High,0.927,0,0,0,0,0,0,0,0,0,0,0,0,0,0,0,0,0,0,0,0,0,0,0,0,0,0,0,0,0,0,0,0,0,0,0,0,0,0,0,0,0,0,0,0,0,0,0,0,0,0,0,0,0,0,0,0,0,0,0,0,0,0,0,0,0,0,0,0,0,0,0,0,0,0,0,0,0,0,0,0,0,0,0,0,0,0,0,0,0,0,0,0,0,0,0,0,0,0,0,0,0,0,0,0,0,0,0
URY,Uruguay,Very High,0.83,156,0,0,0,0,0,0,0,0,0,0,0,0,0,0,0,0,0,0,0,0,0,0,0,0,0,0,0,0,0,0,0,0,0,0,1,0,0,0,0,0,0,0,0,0,0,0,0,0,0,0,0,0,0,4,3,0,1,0,2,3,0,0,1,0,0,2,0,0,0,2,0,0,0,1,1,0,1,3,0,0,3,0,2,9,0,0,3,4,1,3,4,3,4,1,3,2,3,4,4,9,8,15,16,9,10,11
UZB,Uzbekistan,High,0.727,107,0,0,0,0,0,0,0,0,0,0,0,0,0,0,0,0,0,0,0,0,0,0,0,0,0,0,0,0,0,0,0,0,0,0,0,0,0,0,0,0,0,0,0,0,0,0,0,0,0,0,0,0,0,0,0,1,1,1,4,1,7,3,0,2,2,0,2,1,1,0,0,0,1,3,0,0,2,0,0,0,0,0,0,0,1,0,0,0,1,0,0,1,1,1,1,1,0,0,0,4,8,4,7,11,18,16
VUT,Vanuatu,Medium,0.614,10,0,0,0,0,0,0,0,0,0,0,0,0,0,0,0,0,0,0,0,0,0,0,0,0,0,0,0,0,0,0,0,0,0,0,0,0,0,0,0,0,0,0,0,0,0,0,0,0,0,0,0,0,0,0,0,0,0,0,0,0,0,0,0,0,0,0,0,0,0,1,0,0,0,0,1,0,0,0,0,0,0,1,1,1,0,0,1,0,0,0,0,0,0,0,0,1,0,0,0,0,0,0,1,1,0,1
VEN,Venezuela,Medium,0.699,246,0,0,0,0,0,0,0,0,0,0,0,0,0,0,0,0,0,0,0,0,0,0,0,0,0,0,1,0,0,0,0,0,0,0,0,0,0,0,0,0,0,0,0,0,0,0,0,0,1,0,1,0,1,6,3,2,3,5,6,5,4,4,2,1,0,2,2,0,2,0,4,3,2,1,2,3,4,6,3,5,5,6,7,8,4,8,4,11,3,7,4,8,3,8,9,7,7,2,8,9,11,3,5,2,6,7
,Viet Nam,,,315,0,0,0,0,0,0,0,0,0,0,0,0,0,0,0,0,0,0,0,0,0,0,0,0,0,0,0,0,0,0,0,0,0,0,0,0,0,0,0,0,0,0,0,0,0,0,0,2,0,0,0,0,0,1,1,1,0,0,0,0,0,0,0,0,0,0,0,1,1,0,0,0,0,0,1,0,0,1,0,0,2,0,0,1,1,2,2,2,0,0,3,1,1,3,1,0,1,4,7,15,13,42,46,38,49,72
VNM,Vietnam,High,0.726,0,0,0,0,0,0,0,0,0,0,0,0,0,0,0,0,0,0,0,0,0,0,0,0,0,0,0,0,0,0,0,0,0,0,0,0,0,0,0,0,0,0,0,0,0,0,0,0,0,0,0,0,0,0,0,0,0,0,0,0,0,0,0,0,0,0,0,0,0,0,0,0,0,0,0,0,0,0,0,0,0,0,0,0,0,0,0,0,0,0,0,0,0,0,0,0,0,0,0,0,0,0,0,0,0,0,0
YEM,Yemen,Low,0.424,66,0,0,0,0,0,0,0,0,0,0,0,0,0,0,0,0,0,0,0,0,0,0,0,0,0,0,0,0,0,0,0,0,0,0,0,0,0,0,0,0,0,0,0,0,0,0,0,0,0,0,0,0,0,0,0,0,0,0,0,0,0,0,0,0,0,0,0,0,0,1,0,0,0,0,0,0,0,2,0,1,1,0,0,0,0,3,1,1,1,2,2,1,1,0,1,1,3,0,1,0,5,2,11,10,5,10
,Yugoslavia,,,56,0,0,0,0,0,0,0,0,0,0,0,0,0,0,0,0,0,0,0,0,0,0,0,0,0,0,0,0,0,0,0,0,0,1,0,0,0,0,0,1,0,0,0,0,0,0,0,0,0,0,0,0,1,3,2,1,1,2,0,2,1,0,1,0,1,0,1,1,0,7,6,3,3,0,2,0,0,3,1,3,0,0,0,0,1,5,2,0,0,0,0,0,0,0,1,0,0,0,0,0,0,0,0,0,0,0
ZMB,Zambia,Medium,0.569,91,0,0,0,0,0,0,0,0,0,0,0,0,0,0,0,0,0,0,0,0,0,0,0,0,0,0,0,0,0,0,0,0,0,0,0,0,0,0,0,0,0,0,0,0,0,0,0,0,0,0,0,0,1,1,0,0,0,0,1,0,0,0,0,0,0,1,0,2,1,1,1,2,1,1,0,0,0,0,1,0,1,0,0,1,0,0,1,2,1,1,1,0,0,2,2,4,1,5,2,9,10,6,9,6,6,7
ZWE,Zimbabwe,Medium,0.55,112,0,0,0,0,0,0,0,0,0,0,0,0,0,0,0,0,0,0,0,0,0,0,0,0,0,0,0,0,0,0,0,0,0,0,0,0,0,0,0,0,0,0,0,0,0,0,0,0,0,0,0,0,1,2,1,2,5,0,4,0,3,1,1,0,1,2,1,0,3,3,0,1,0,2,3,1,7,1,2,4,4,3,2,3,0,3,3,2,2,1,0,0,1,1,1,3,5,2,5,6,2,0,4,4,3,1